2025-06-26 08:24:40 INFO  org.example.StartServerRPC - Server started
2025-06-26 08:24:59 INFO  org.example.client.StartClientRPC - Client running on localhost:55556
2025-06-26 08:25:02 INFO  org.example.ProxyRPC - Connection initialized successfully
2025-06-26 08:25:02 INFO  org.example.ProxyRPC - Am intrat in login
2025-06-26 08:25:02 INFO  org.example.ProxyRPC - Sending request: LOGIN
2025-06-26 08:25:02 INFO  org.example.ReflectionWorkerRPC - Am fost creat la cererea clientului
2025-06-26 08:25:02 INFO  org.example.ProxyRPC - Request sent successfully
2025-06-26 08:25:02 INFO  org.example.ProxyRPC - Am trimis requestul de login
2025-06-26 08:25:02 INFO  org.example.ReflectionWorkerRPC - Request received: Request{type=LOGIN, data=PlayerDTO [id=0, name=a]}
2025-06-26 08:25:02 INFO  org.example.ReflectionWorkerRPC - Angajatul pe care l-am primit are datele a
2025-06-26 08:25:02 INFO  org.hibernate.Version - HHH000412: Hibernate ORM core version 6.4.4.Final
2025-06-26 08:25:02 INFO  org.hibernate.cfg.Environment - HHH000205: Loaded properties from resource hibernate.properties: {hibernate.format_sql=true, hibernate.hbm2ddl.auto=update, hibernate.highlight_sql=true, jakarta.persistence.jdbc.url=jdbc:mariadb://localhost:3306/jocmemoriempp, jakarta.persistence.jdbc.user=root, jakarta.persistence.jdbc.schema-generation.database.action=update, server.port=55556, hibernate.show_sql=true, jakarta.persistence.jdbc.password=}
2025-06-26 08:25:02 INFO  org.hibernate.cache.internal.RegionFactoryInitiator - HHH000026: Second-level cache disabled
2025-06-26 08:25:03 WARN  org.hibernate.orm.connections.pooling - HHH10001002: Using built-in connection pool (not intended for production use)
2025-06-26 08:25:03 INFO  org.hibernate.orm.connections.pooling - HHH10001005: Loaded JDBC driver class: org.mariadb.jdbc.Driver
2025-06-26 08:25:03 INFO  org.hibernate.orm.connections.pooling - HHH10001012: Connecting with JDBC URL [jdbc:mariadb://localhost:3306/jocmemoriempp]
2025-06-26 08:25:03 INFO  org.hibernate.orm.connections.pooling - HHH10001001: Connection properties: {password=****, user=root}
2025-06-26 08:25:03 INFO  org.hibernate.orm.connections.pooling - HHH10001003: Autocommit mode: false
2025-06-26 08:25:03 INFO  org.hibernate.orm.connections.pooling - HHH10001115: Connection pool size: 20 (min=1)
2025-06-26 08:25:03 INFO  org.hibernate.validator.internal.util.Version - HV000001: Hibernate Validator 8.0.0.Final
2025-06-26 08:25:04 INFO  org.hibernate.engine.transaction.jta.platform.internal.JtaPlatformInitiator - HHH000489: No JTA platform available (set 'hibernate.transaction.jta.platform' to enable JTA platform integration)
2025-06-26 08:25:04 INFO  org.hibernate.orm.connections.access - HHH10001501: Connection obtained from JdbcConnectionAccess [org.hibernate.engine.jdbc.env.internal.JdbcEnvironmentInitiator$ConnectionProviderJdbcConnectionAccess@3f4317b3] for (non-JTA) DDL execution was not in auto-commit mode; the Connection 'local transaction' will be committed and the Connection will be set into auto-commit mode.
2025-06-26 08:25:05 ERROR org.example.ReflectionWorkerRPC - Error in login: null
2025-06-26 08:25:05 INFO  org.example.ReflectionWorkerRPC - Handled request: LOGIN
2025-06-26 08:25:05 INFO  org.example.ProxyRPC - Response received: Response{type=ERROR, data=null}
2025-06-26 08:25:05 ERROR org.example.ProxyRPC - Erroare la logare
2025-06-26 08:25:05 ERROR org.example.ProxyRPC - PROXY: Error in reader thread: Socket closed
2025-06-26 08:26:28 INFO  org.example.ReflectionWorkerRPC - Am fost creat la cererea clientului
2025-06-26 08:26:28 INFO  org.example.ProxyRPC - Connection initialized successfully
2025-06-26 08:26:28 INFO  org.example.ProxyRPC - Am intrat in login
2025-06-26 08:26:28 INFO  org.example.ProxyRPC - Sending request: LOGIN
2025-06-26 08:26:28 INFO  org.example.ProxyRPC - Request sent successfully
2025-06-26 08:26:28 INFO  org.example.ProxyRPC - Am trimis requestul de login
2025-06-26 08:26:28 INFO  org.example.ReflectionWorkerRPC - Request received: Request{type=LOGIN, data=PlayerDTO [id=0, name=a]}
2025-06-26 08:26:28 INFO  org.example.ReflectionWorkerRPC - Angajatul pe care l-am primit are datele a
2025-06-26 08:26:28 INFO  org.example.ReflectionWorkerRPC - Handled request: LOGIN
2025-06-26 08:26:28 INFO  org.example.ProxyRPC - Response received: Response{type=OK, data=PlayerDTO [id=1, name=a]}
2025-06-26 08:26:28 INFO  org.example.ProxyRPC - Sending request: GET_GAMES
2025-06-26 08:26:28 INFO  org.example.ProxyRPC - Request sent successfully
2025-06-26 08:26:29 INFO  org.example.ReflectionWorkerRPC - Request received: Request{type=GET_GAMES, data=null}
2025-06-26 08:26:29 INFO  org.example.ReflectionWorkerRPC - Handled request: GET_GAMES
2025-06-26 08:26:29 INFO  org.example.ProxyRPC - Response received: Response{type=OK, data=[]}
2025-06-26 08:26:29 INFO  org.example.ProxyRPC - Sending request: GET_CONFIG
2025-06-26 08:26:29 INFO  org.example.ProxyRPC - Request sent successfully
2025-06-26 08:26:30 INFO  org.example.ReflectionWorkerRPC - Request received: Request{type=GET_CONFIG, data=null}
2025-06-26 08:26:30 INFO  org.example.ServicesImplementation - Am ajuns aici config!
2025-06-26 08:26:30 INFO  org.example.ReflectionWorkerRPC - Handled request: GET_CONFIG
2025-06-26 08:26:30 INFO  org.example.ProxyRPC - Response received: Response{type=OK, data=org.example.DTO.ConfigurationDTO@3e42571a}
2025-06-26 08:26:53 INFO  org.example.StartServerRPC - Server started
2025-06-26 08:26:56 INFO  org.example.client.StartClientRPC - Client running on localhost:55556
2025-06-26 08:27:01 INFO  org.example.ProxyRPC - Connection initialized successfully
2025-06-26 08:27:01 INFO  org.example.ProxyRPC - Am intrat in login
2025-06-26 08:27:01 INFO  org.example.ProxyRPC - Sending request: LOGIN
2025-06-26 08:27:01 INFO  org.example.ReflectionWorkerRPC - Am fost creat la cererea clientului
2025-06-26 08:27:01 INFO  org.example.ProxyRPC - Request sent successfully
2025-06-26 08:27:01 INFO  org.example.ProxyRPC - Am trimis requestul de login
2025-06-26 08:27:01 INFO  org.example.ReflectionWorkerRPC - Request received: Request{type=LOGIN, data=PlayerDTO [id=0, name=a]}
2025-06-26 08:27:01 INFO  org.example.ReflectionWorkerRPC - Angajatul pe care l-am primit are datele a
2025-06-26 08:27:01 INFO  org.hibernate.Version - HHH000412: Hibernate ORM core version 6.4.4.Final
2025-06-26 08:27:01 INFO  org.hibernate.cfg.Environment - HHH000205: Loaded properties from resource hibernate.properties: {hibernate.format_sql=true, hibernate.hbm2ddl.auto=update, hibernate.highlight_sql=true, jakarta.persistence.jdbc.url=jdbc:mariadb://localhost:3306/jocmemoriempp, jakarta.persistence.jdbc.user=root, jakarta.persistence.jdbc.schema-generation.database.action=update, server.port=55556, hibernate.show_sql=true, jakarta.persistence.jdbc.password=}
2025-06-26 08:27:01 INFO  org.hibernate.cache.internal.RegionFactoryInitiator - HHH000026: Second-level cache disabled
2025-06-26 08:27:01 WARN  org.hibernate.orm.connections.pooling - HHH10001002: Using built-in connection pool (not intended for production use)
2025-06-26 08:27:01 INFO  org.hibernate.orm.connections.pooling - HHH10001005: Loaded JDBC driver class: org.mariadb.jdbc.Driver
2025-06-26 08:27:01 INFO  org.hibernate.orm.connections.pooling - HHH10001012: Connecting with JDBC URL [jdbc:mariadb://localhost:3306/jocmemoriempp]
2025-06-26 08:27:01 INFO  org.hibernate.orm.connections.pooling - HHH10001001: Connection properties: {password=****, user=root}
2025-06-26 08:27:01 INFO  org.hibernate.orm.connections.pooling - HHH10001003: Autocommit mode: false
2025-06-26 08:27:01 INFO  org.hibernate.orm.connections.pooling - HHH10001115: Connection pool size: 20 (min=1)
2025-06-26 08:27:02 INFO  org.hibernate.validator.internal.util.Version - HV000001: Hibernate Validator 8.0.0.Final
2025-06-26 08:27:03 INFO  org.hibernate.engine.transaction.jta.platform.internal.JtaPlatformInitiator - HHH000489: No JTA platform available (set 'hibernate.transaction.jta.platform' to enable JTA platform integration)
2025-06-26 08:27:03 INFO  org.hibernate.orm.connections.access - HHH10001501: Connection obtained from JdbcConnectionAccess [org.hibernate.engine.jdbc.env.internal.JdbcEnvironmentInitiator$ConnectionProviderJdbcConnectionAccess@3f4317b3] for (non-JTA) DDL execution was not in auto-commit mode; the Connection 'local transaction' will be committed and the Connection will be set into auto-commit mode.
2025-06-26 08:27:03 INFO  org.example.ReflectionWorkerRPC - Handled request: LOGIN
2025-06-26 08:27:03 INFO  org.example.ProxyRPC - Response received: Response{type=OK, data=PlayerDTO [id=1, name=a]}
2025-06-26 08:27:03 INFO  org.example.ProxyRPC - Sending request: GET_GAMES
2025-06-26 08:27:03 INFO  org.example.ProxyRPC - Request sent successfully
2025-06-26 08:27:04 INFO  org.example.ReflectionWorkerRPC - Request received: Request{type=GET_GAMES, data=null}
2025-06-26 08:27:04 INFO  org.example.ReflectionWorkerRPC - Handled request: GET_GAMES
2025-06-26 08:27:04 INFO  org.example.ProxyRPC - Response received: Response{type=OK, data=[]}
2025-06-26 08:27:04 INFO  org.example.ProxyRPC - Sending request: GET_CONFIG
2025-06-26 08:27:04 INFO  org.example.ProxyRPC - Request sent successfully
2025-06-26 08:27:05 INFO  org.example.ReflectionWorkerRPC - Request received: Request{type=GET_CONFIG, data=null}
2025-06-26 08:27:05 INFO  org.example.ServicesImplementation - Am ajuns aici config!
2025-06-26 08:27:05 INFO  org.example.ReflectionWorkerRPC - Handled request: GET_CONFIG
2025-06-26 08:27:05 INFO  org.example.ProxyRPC - Response received: Response{type=OK, data=org.example.DTO.ConfigurationDTO@68c13f75}
2025-06-26 08:27:30 INFO  org.example.StartServerRPC - Server started
2025-06-26 08:27:37 INFO  org.example.client.StartClientRPC - Client running on localhost:55556
2025-06-26 08:27:39 INFO  org.example.ProxyRPC - Connection initialized successfully
2025-06-26 08:27:39 INFO  org.example.ProxyRPC - Am intrat in login
2025-06-26 08:27:39 INFO  org.example.ProxyRPC - Sending request: LOGIN
2025-06-26 08:27:39 INFO  org.example.ReflectionWorkerRPC - Am fost creat la cererea clientului
2025-06-26 08:27:39 INFO  org.example.ProxyRPC - Request sent successfully
2025-06-26 08:27:39 INFO  org.example.ProxyRPC - Am trimis requestul de login
2025-06-26 08:27:39 INFO  org.example.ReflectionWorkerRPC - Request received: Request{type=LOGIN, data=PlayerDTO [id=0, name=a]}
2025-06-26 08:27:39 INFO  org.example.ReflectionWorkerRPC - Angajatul pe care l-am primit are datele a
2025-06-26 08:27:39 INFO  org.hibernate.Version - HHH000412: Hibernate ORM core version 6.4.4.Final
2025-06-26 08:27:39 INFO  org.hibernate.cfg.Environment - HHH000205: Loaded properties from resource hibernate.properties: {hibernate.format_sql=true, hibernate.hbm2ddl.auto=update, hibernate.highlight_sql=true, jakarta.persistence.jdbc.url=jdbc:mariadb://localhost:3306/jocmemoriempp, jakarta.persistence.jdbc.user=root, jakarta.persistence.jdbc.schema-generation.database.action=update, server.port=55556, hibernate.show_sql=true, jakarta.persistence.jdbc.password=}
2025-06-26 08:27:39 INFO  org.hibernate.cache.internal.RegionFactoryInitiator - HHH000026: Second-level cache disabled
2025-06-26 08:27:39 WARN  org.hibernate.orm.connections.pooling - HHH10001002: Using built-in connection pool (not intended for production use)
2025-06-26 08:27:39 INFO  org.hibernate.orm.connections.pooling - HHH10001005: Loaded JDBC driver class: org.mariadb.jdbc.Driver
2025-06-26 08:27:39 INFO  org.hibernate.orm.connections.pooling - HHH10001012: Connecting with JDBC URL [jdbc:mariadb://localhost:3306/jocmemoriempp]
2025-06-26 08:27:39 INFO  org.hibernate.orm.connections.pooling - HHH10001001: Connection properties: {password=****, user=root}
2025-06-26 08:27:39 INFO  org.hibernate.orm.connections.pooling - HHH10001003: Autocommit mode: false
2025-06-26 08:27:39 INFO  org.hibernate.orm.connections.pooling - HHH10001115: Connection pool size: 20 (min=1)
2025-06-26 08:27:40 INFO  org.hibernate.validator.internal.util.Version - HV000001: Hibernate Validator 8.0.0.Final
2025-06-26 08:27:41 INFO  org.hibernate.engine.transaction.jta.platform.internal.JtaPlatformInitiator - HHH000489: No JTA platform available (set 'hibernate.transaction.jta.platform' to enable JTA platform integration)
2025-06-26 08:27:41 INFO  org.hibernate.orm.connections.access - HHH10001501: Connection obtained from JdbcConnectionAccess [org.hibernate.engine.jdbc.env.internal.JdbcEnvironmentInitiator$ConnectionProviderJdbcConnectionAccess@288366f1] for (non-JTA) DDL execution was not in auto-commit mode; the Connection 'local transaction' will be committed and the Connection will be set into auto-commit mode.
2025-06-26 08:27:41 INFO  org.example.ReflectionWorkerRPC - Handled request: LOGIN
2025-06-26 08:27:41 INFO  org.example.ProxyRPC - Response received: Response{type=OK, data=PlayerDTO [id=1, name=a]}
2025-06-26 08:27:41 INFO  org.example.ProxyRPC - Sending request: GET_CONFIG
2025-06-26 08:27:41 INFO  org.example.ProxyRPC - Request sent successfully
2025-06-26 08:27:42 INFO  org.example.ReflectionWorkerRPC - Request received: Request{type=GET_CONFIG, data=null}
2025-06-26 08:27:42 INFO  org.example.ServicesImplementation - Am ajuns aici config!
2025-06-26 08:27:42 INFO  org.example.ReflectionWorkerRPC - Handled request: GET_CONFIG
2025-06-26 08:27:42 INFO  org.example.ProxyRPC - Response received: Response{type=OK, data=org.example.DTO.ConfigurationDTO@173d5799}
2025-06-26 08:27:58 ERROR org.example.ProxyRPC - PROXY: Error in reader thread: Connection reset
2025-06-26 08:28:07 INFO  org.example.StartServerRPC - Server started
2025-06-26 08:28:10 INFO  org.example.client.StartClientRPC - Client running on localhost:55556
2025-06-26 08:28:13 INFO  org.example.ProxyRPC - Connection initialized successfully
2025-06-26 08:28:13 INFO  org.example.ProxyRPC - Am intrat in login
2025-06-26 08:28:13 INFO  org.example.ProxyRPC - Sending request: LOGIN
2025-06-26 08:28:13 INFO  org.example.ReflectionWorkerRPC - Am fost creat la cererea clientului
2025-06-26 08:28:13 INFO  org.example.ProxyRPC - Request sent successfully
2025-06-26 08:28:13 INFO  org.example.ProxyRPC - Am trimis requestul de login
2025-06-26 08:28:13 INFO  org.example.ReflectionWorkerRPC - Request received: Request{type=LOGIN, data=PlayerDTO [id=0, name=a]}
2025-06-26 08:28:13 INFO  org.example.ReflectionWorkerRPC - Angajatul pe care l-am primit are datele a
2025-06-26 08:28:13 INFO  org.hibernate.Version - HHH000412: Hibernate ORM core version 6.4.4.Final
2025-06-26 08:28:13 INFO  org.hibernate.cfg.Environment - HHH000205: Loaded properties from resource hibernate.properties: {hibernate.format_sql=true, hibernate.hbm2ddl.auto=update, hibernate.highlight_sql=true, jakarta.persistence.jdbc.url=jdbc:mariadb://localhost:3306/jocmemoriempp, jakarta.persistence.jdbc.user=root, jakarta.persistence.jdbc.schema-generation.database.action=update, server.port=55556, hibernate.show_sql=true, jakarta.persistence.jdbc.password=}
2025-06-26 08:28:13 INFO  org.hibernate.cache.internal.RegionFactoryInitiator - HHH000026: Second-level cache disabled
2025-06-26 08:28:14 WARN  org.hibernate.orm.connections.pooling - HHH10001002: Using built-in connection pool (not intended for production use)
2025-06-26 08:28:14 INFO  org.hibernate.orm.connections.pooling - HHH10001005: Loaded JDBC driver class: org.mariadb.jdbc.Driver
2025-06-26 08:28:14 INFO  org.hibernate.orm.connections.pooling - HHH10001012: Connecting with JDBC URL [jdbc:mariadb://localhost:3306/jocmemoriempp]
2025-06-26 08:28:14 INFO  org.hibernate.orm.connections.pooling - HHH10001001: Connection properties: {password=****, user=root}
2025-06-26 08:28:14 INFO  org.hibernate.orm.connections.pooling - HHH10001003: Autocommit mode: false
2025-06-26 08:28:14 INFO  org.hibernate.orm.connections.pooling - HHH10001115: Connection pool size: 20 (min=1)
2025-06-26 08:28:14 INFO  org.hibernate.validator.internal.util.Version - HV000001: Hibernate Validator 8.0.0.Final
2025-06-26 08:28:15 INFO  org.hibernate.engine.transaction.jta.platform.internal.JtaPlatformInitiator - HHH000489: No JTA platform available (set 'hibernate.transaction.jta.platform' to enable JTA platform integration)
2025-06-26 08:28:15 INFO  org.hibernate.orm.connections.access - HHH10001501: Connection obtained from JdbcConnectionAccess [org.hibernate.engine.jdbc.env.internal.JdbcEnvironmentInitiator$ConnectionProviderJdbcConnectionAccess@719eedba] for (non-JTA) DDL execution was not in auto-commit mode; the Connection 'local transaction' will be committed and the Connection will be set into auto-commit mode.
2025-06-26 08:28:15 INFO  org.example.ReflectionWorkerRPC - Handled request: LOGIN
2025-06-26 08:28:15 INFO  org.example.ProxyRPC - Response received: Response{type=OK, data=PlayerDTO [id=1, name=a]}
2025-06-26 08:28:28 INFO  org.example.ReflectionWorkerRPC - Error in worker run: Connection reset
2025-06-26 08:28:31 INFO  org.example.client.StartClientRPC - Client running on localhost:55556
2025-06-26 08:28:33 INFO  org.example.ReflectionWorkerRPC - Am fost creat la cererea clientului
2025-06-26 08:28:33 INFO  org.example.ProxyRPC - Connection initialized successfully
2025-06-26 08:28:33 INFO  org.example.ProxyRPC - Am intrat in login
2025-06-26 08:28:33 INFO  org.example.ProxyRPC - Sending request: LOGIN
2025-06-26 08:28:33 INFO  org.example.ProxyRPC - Request sent successfully
2025-06-26 08:28:33 INFO  org.example.ProxyRPC - Am trimis requestul de login
2025-06-26 08:28:33 INFO  org.example.ReflectionWorkerRPC - Request received: Request{type=LOGIN, data=PlayerDTO [id=0, name=a]}
2025-06-26 08:28:33 INFO  org.example.ReflectionWorkerRPC - Angajatul pe care l-am primit are datele a
2025-06-26 08:28:33 INFO  org.example.ServicesImplementation - Deja inregistrat
2025-06-26 08:28:33 INFO  org.example.ReflectionWorkerRPC - Handled request: LOGIN
2025-06-26 08:28:33 INFO  org.example.ProxyRPC - Response received: Response{type=OK, data=PlayerDTO [id=1, name=a]}
2025-06-26 08:28:33 INFO  org.example.ProxyRPC - Sending request: GET_GAMES
2025-06-26 08:28:33 INFO  org.example.ProxyRPC - Request sent successfully
2025-06-26 08:28:34 INFO  org.example.ReflectionWorkerRPC - Request received: Request{type=GET_GAMES, data=null}
2025-06-26 08:28:34 INFO  org.example.ReflectionWorkerRPC - Handled request: GET_GAMES
2025-06-26 08:28:34 INFO  org.example.ProxyRPC - Response received: Response{type=OK, data=[]}
2025-06-26 08:29:12 ERROR org.example.ProxyRPC - PROXY: Error in reader thread: Connection reset
2025-06-26 08:29:31 INFO  org.example.StartServerRPC - Server started
2025-06-26 08:29:42 INFO  org.example.client.StartClientRPC - Client running on localhost:55556
2025-06-26 08:30:15 INFO  org.example.StartServerRPC - Server started
2025-06-26 08:30:25 INFO  org.example.client.StartClientRPC - Client running on localhost:55556
2025-06-26 08:30:28 INFO  org.example.ProxyRPC - Connection initialized successfully
2025-06-26 08:30:28 INFO  org.example.ProxyRPC - Am intrat in login
2025-06-26 08:30:28 INFO  org.example.ProxyRPC - Sending request: LOGIN
2025-06-26 08:30:28 INFO  org.example.ReflectionWorkerRPC - Am fost creat la cererea clientului
2025-06-26 08:30:28 INFO  org.example.ProxyRPC - Request sent successfully
2025-06-26 08:30:28 INFO  org.example.ProxyRPC - Am trimis requestul de login
2025-06-26 08:30:28 INFO  org.example.ReflectionWorkerRPC - Request received: Request{type=LOGIN, data=PlayerDTO [id=0, name=a]}
2025-06-26 08:30:28 INFO  org.example.ReflectionWorkerRPC - Angajatul pe care l-am primit are datele a
2025-06-26 08:30:28 INFO  org.hibernate.Version - HHH000412: Hibernate ORM core version 6.4.4.Final
2025-06-26 08:30:28 INFO  org.hibernate.cfg.Environment - HHH000205: Loaded properties from resource hibernate.properties: {hibernate.format_sql=true, hibernate.hbm2ddl.auto=update, hibernate.highlight_sql=true, jakarta.persistence.jdbc.url=jdbc:mariadb://localhost:3306/jocmemoriempp, jakarta.persistence.jdbc.user=root, jakarta.persistence.jdbc.schema-generation.database.action=update, server.port=55556, hibernate.show_sql=true, jakarta.persistence.jdbc.password=}
2025-06-26 08:30:28 INFO  org.hibernate.cache.internal.RegionFactoryInitiator - HHH000026: Second-level cache disabled
2025-06-26 08:30:28 WARN  org.hibernate.orm.connections.pooling - HHH10001002: Using built-in connection pool (not intended for production use)
2025-06-26 08:30:28 INFO  org.hibernate.orm.connections.pooling - HHH10001005: Loaded JDBC driver class: org.mariadb.jdbc.Driver
2025-06-26 08:30:28 INFO  org.hibernate.orm.connections.pooling - HHH10001012: Connecting with JDBC URL [jdbc:mariadb://localhost:3306/jocmemoriempp]
2025-06-26 08:30:28 INFO  org.hibernate.orm.connections.pooling - HHH10001001: Connection properties: {password=****, user=root}
2025-06-26 08:30:28 INFO  org.hibernate.orm.connections.pooling - HHH10001003: Autocommit mode: false
2025-06-26 08:30:28 INFO  org.hibernate.orm.connections.pooling - HHH10001115: Connection pool size: 20 (min=1)
2025-06-26 08:30:29 INFO  org.hibernate.validator.internal.util.Version - HV000001: Hibernate Validator 8.0.0.Final
2025-06-26 08:30:29 INFO  org.hibernate.engine.transaction.jta.platform.internal.JtaPlatformInitiator - HHH000489: No JTA platform available (set 'hibernate.transaction.jta.platform' to enable JTA platform integration)
2025-06-26 08:30:29 INFO  org.hibernate.orm.connections.access - HHH10001501: Connection obtained from JdbcConnectionAccess [org.hibernate.engine.jdbc.env.internal.JdbcEnvironmentInitiator$ConnectionProviderJdbcConnectionAccess@288366f1] for (non-JTA) DDL execution was not in auto-commit mode; the Connection 'local transaction' will be committed and the Connection will be set into auto-commit mode.
2025-06-26 08:30:30 INFO  org.example.ReflectionWorkerRPC - Handled request: LOGIN
2025-06-26 08:30:30 INFO  org.example.ProxyRPC - Response received: Response{type=OK, data=PlayerDTO [id=1, name=a]}
2025-06-26 08:30:30 INFO  org.example.ProxyRPC - Sending request: GET_GAMES
2025-06-26 08:30:30 INFO  org.example.ProxyRPC - Request sent successfully
2025-06-26 08:30:31 INFO  org.example.ReflectionWorkerRPC - Request received: Request{type=GET_GAMES, data=null}
2025-06-26 08:30:31 INFO  org.example.ReflectionWorkerRPC - Handled request: GET_GAMES
2025-06-26 08:30:31 INFO  org.example.ProxyRPC - Response received: Response{type=OK, data=[]}
2025-06-26 08:30:31 INFO  org.example.ProxyRPC - Sending request: GET_CONFIG
2025-06-26 08:30:31 INFO  org.example.ProxyRPC - Request sent successfully
2025-06-26 08:30:32 INFO  org.example.ReflectionWorkerRPC - Request received: Request{type=GET_CONFIG, data=null}
2025-06-26 08:30:32 INFO  org.example.ServicesImplementation - Am ajuns aici config!
2025-06-26 08:30:32 INFO  org.example.ReflectionWorkerRPC - Handled request: GET_CONFIG
2025-06-26 08:30:32 INFO  org.example.ProxyRPC - Response received: Response{type=OK, data=org.example.DTO.ConfigurationDTO@227fcde5}
2025-06-26 08:30:36 ERROR org.example.ProxyRPC - PROXY: Error in reader thread: Connection reset
2025-06-26 08:30:48 INFO  org.example.client.StartClientRPC - Client running on localhost:55556
2025-06-26 08:30:49 INFO  org.example.StartServerRPC - Server started
2025-06-26 08:30:58 INFO  org.example.ProxyRPC - Connection initialized successfully
2025-06-26 08:30:58 INFO  org.example.ProxyRPC - Am intrat in login
2025-06-26 08:30:58 INFO  org.example.ProxyRPC - Sending request: LOGIN
2025-06-26 08:30:58 INFO  org.example.ReflectionWorkerRPC - Am fost creat la cererea clientului
2025-06-26 08:30:58 INFO  org.example.ProxyRPC - Request sent successfully
2025-06-26 08:30:58 INFO  org.example.ProxyRPC - Am trimis requestul de login
2025-06-26 08:30:58 INFO  org.example.ReflectionWorkerRPC - Request received: Request{type=LOGIN, data=PlayerDTO [id=0, name=a]}
2025-06-26 08:30:58 INFO  org.example.ReflectionWorkerRPC - Angajatul pe care l-am primit are datele a
2025-06-26 08:30:59 INFO  org.hibernate.Version - HHH000412: Hibernate ORM core version 6.4.4.Final
2025-06-26 08:30:59 INFO  org.hibernate.cfg.Environment - HHH000205: Loaded properties from resource hibernate.properties: {hibernate.format_sql=true, hibernate.hbm2ddl.auto=update, hibernate.highlight_sql=true, jakarta.persistence.jdbc.url=jdbc:mariadb://localhost:3306/jocmemoriempp, jakarta.persistence.jdbc.user=root, jakarta.persistence.jdbc.schema-generation.database.action=update, server.port=55556, hibernate.show_sql=true, jakarta.persistence.jdbc.password=}
2025-06-26 08:30:59 INFO  org.hibernate.cache.internal.RegionFactoryInitiator - HHH000026: Second-level cache disabled
2025-06-26 08:30:59 WARN  org.hibernate.orm.connections.pooling - HHH10001002: Using built-in connection pool (not intended for production use)
2025-06-26 08:30:59 INFO  org.hibernate.orm.connections.pooling - HHH10001005: Loaded JDBC driver class: org.mariadb.jdbc.Driver
2025-06-26 08:30:59 INFO  org.hibernate.orm.connections.pooling - HHH10001012: Connecting with JDBC URL [jdbc:mariadb://localhost:3306/jocmemoriempp]
2025-06-26 08:30:59 INFO  org.hibernate.orm.connections.pooling - HHH10001001: Connection properties: {password=****, user=root}
2025-06-26 08:30:59 INFO  org.hibernate.orm.connections.pooling - HHH10001003: Autocommit mode: false
2025-06-26 08:30:59 INFO  org.hibernate.orm.connections.pooling - HHH10001115: Connection pool size: 20 (min=1)
2025-06-26 08:30:59 INFO  org.hibernate.validator.internal.util.Version - HV000001: Hibernate Validator 8.0.0.Final
2025-06-26 08:31:00 INFO  org.hibernate.engine.transaction.jta.platform.internal.JtaPlatformInitiator - HHH000489: No JTA platform available (set 'hibernate.transaction.jta.platform' to enable JTA platform integration)
2025-06-26 08:31:00 INFO  org.hibernate.orm.connections.access - HHH10001501: Connection obtained from JdbcConnectionAccess [org.hibernate.engine.jdbc.env.internal.JdbcEnvironmentInitiator$ConnectionProviderJdbcConnectionAccess@719eedba] for (non-JTA) DDL execution was not in auto-commit mode; the Connection 'local transaction' will be committed and the Connection will be set into auto-commit mode.
2025-06-26 08:31:01 INFO  org.example.ReflectionWorkerRPC - Handled request: LOGIN
2025-06-26 08:31:01 INFO  org.example.ProxyRPC - Response received: Response{type=OK, data=PlayerDTO [id=1, name=a]}
2025-06-26 08:31:01 INFO  org.example.ProxyRPC - Sending request: GET_GAMES
2025-06-26 08:31:01 INFO  org.example.ProxyRPC - Request sent successfully
2025-06-26 08:31:02 INFO  org.example.ReflectionWorkerRPC - Request received: Request{type=GET_GAMES, data=null}
2025-06-26 08:31:02 INFO  org.example.ReflectionWorkerRPC - Handled request: GET_GAMES
2025-06-26 08:31:02 INFO  org.example.ProxyRPC - Response received: Response{type=OK, data=[]}
2025-06-26 08:31:02 INFO  org.example.ProxyRPC - Sending request: GET_CONFIG
2025-06-26 08:31:02 INFO  org.example.ProxyRPC - Request sent successfully
2025-06-26 08:31:03 INFO  org.example.ReflectionWorkerRPC - Request received: Request{type=GET_CONFIG, data=null}
2025-06-26 08:31:03 INFO  org.example.ServicesImplementation - Am ajuns aici config!
2025-06-26 08:31:03 INFO  org.example.ReflectionWorkerRPC - Handled request: GET_CONFIG
2025-06-26 08:31:03 INFO  org.example.ProxyRPC - Response received: Response{type=OK, data=org.example.DTO.ConfigurationDTO@74e6a03f}
2025-06-26 08:31:10 INFO  org.example.ReflectionWorkerRPC - Error in worker run: Connection reset
2025-06-26 08:31:22 INFO  org.example.StartServerRPC - Server started
2025-06-26 08:31:26 INFO  org.example.client.StartClientRPC - Client running on localhost:55556
2025-06-26 08:31:28 INFO  org.example.ProxyRPC - Connection initialized successfully
2025-06-26 08:31:28 INFO  org.example.ProxyRPC - Am intrat in login
2025-06-26 08:31:28 INFO  org.example.ProxyRPC - Sending request: LOGIN
2025-06-26 08:31:28 INFO  org.example.ReflectionWorkerRPC - Am fost creat la cererea clientului
2025-06-26 08:31:28 INFO  org.example.ProxyRPC - Request sent successfully
2025-06-26 08:31:28 INFO  org.example.ProxyRPC - Am trimis requestul de login
2025-06-26 08:31:28 INFO  org.example.ReflectionWorkerRPC - Request received: Request{type=LOGIN, data=PlayerDTO [id=0, name=a]}
2025-06-26 08:31:28 INFO  org.example.ReflectionWorkerRPC - Angajatul pe care l-am primit are datele a
2025-06-26 08:31:28 INFO  org.hibernate.Version - HHH000412: Hibernate ORM core version 6.4.4.Final
2025-06-26 08:31:28 INFO  org.hibernate.cfg.Environment - HHH000205: Loaded properties from resource hibernate.properties: {hibernate.format_sql=true, hibernate.hbm2ddl.auto=update, hibernate.highlight_sql=true, jakarta.persistence.jdbc.url=jdbc:mariadb://localhost:3306/jocmemoriempp, jakarta.persistence.jdbc.user=root, jakarta.persistence.jdbc.schema-generation.database.action=update, server.port=55556, hibernate.show_sql=true, jakarta.persistence.jdbc.password=}
2025-06-26 08:31:28 INFO  org.hibernate.cache.internal.RegionFactoryInitiator - HHH000026: Second-level cache disabled
2025-06-26 08:31:29 WARN  org.hibernate.orm.connections.pooling - HHH10001002: Using built-in connection pool (not intended for production use)
2025-06-26 08:31:29 INFO  org.hibernate.orm.connections.pooling - HHH10001005: Loaded JDBC driver class: org.mariadb.jdbc.Driver
2025-06-26 08:31:29 INFO  org.hibernate.orm.connections.pooling - HHH10001012: Connecting with JDBC URL [jdbc:mariadb://localhost:3306/jocmemoriempp]
2025-06-26 08:31:29 INFO  org.hibernate.orm.connections.pooling - HHH10001001: Connection properties: {password=****, user=root}
2025-06-26 08:31:29 INFO  org.hibernate.orm.connections.pooling - HHH10001003: Autocommit mode: false
2025-06-26 08:31:29 INFO  org.hibernate.orm.connections.pooling - HHH10001115: Connection pool size: 20 (min=1)
2025-06-26 08:31:29 INFO  org.hibernate.validator.internal.util.Version - HV000001: Hibernate Validator 8.0.0.Final
2025-06-26 08:31:30 INFO  org.hibernate.engine.transaction.jta.platform.internal.JtaPlatformInitiator - HHH000489: No JTA platform available (set 'hibernate.transaction.jta.platform' to enable JTA platform integration)
2025-06-26 08:31:30 INFO  org.hibernate.orm.connections.access - HHH10001501: Connection obtained from JdbcConnectionAccess [org.hibernate.engine.jdbc.env.internal.JdbcEnvironmentInitiator$ConnectionProviderJdbcConnectionAccess@288366f1] for (non-JTA) DDL execution was not in auto-commit mode; the Connection 'local transaction' will be committed and the Connection will be set into auto-commit mode.
2025-06-26 08:31:30 INFO  org.example.ReflectionWorkerRPC - Handled request: LOGIN
2025-06-26 08:31:30 INFO  org.example.ProxyRPC - Response received: Response{type=OK, data=PlayerDTO [id=1, name=a]}
2025-06-26 08:31:30 INFO  org.example.ProxyRPC - Sending request: GET_GAMES
2025-06-26 08:31:30 INFO  org.example.ProxyRPC - Request sent successfully
2025-06-26 08:31:31 INFO  org.example.ReflectionWorkerRPC - Request received: Request{type=GET_GAMES, data=null}
2025-06-26 08:31:31 INFO  org.example.ReflectionWorkerRPC - Handled request: GET_GAMES
2025-06-26 08:31:31 INFO  org.example.ProxyRPC - Response received: Response{type=OK, data=[]}
2025-06-26 08:31:31 INFO  org.example.ProxyRPC - Sending request: GET_CONFIG
2025-06-26 08:31:31 INFO  org.example.ProxyRPC - Request sent successfully
2025-06-26 08:31:32 INFO  org.example.ReflectionWorkerRPC - Request received: Request{type=GET_CONFIG, data=null}
2025-06-26 08:31:32 INFO  org.example.ServicesImplementation - Am ajuns aici config!
2025-06-26 08:31:32 INFO  org.example.ReflectionWorkerRPC - Handled request: GET_CONFIG
2025-06-26 08:31:32 INFO  org.example.ProxyRPC - Response received: Response{type=OK, data=org.example.DTO.ConfigurationDTO@68c13f75}
2025-06-26 08:31:35 INFO  org.example.ProxyRPC - Sending request: GET_CONFIG
2025-06-26 08:31:35 INFO  org.example.ProxyRPC - Request sent successfully
2025-06-26 08:31:35 INFO  org.example.ReflectionWorkerRPC - Request received: Request{type=GET_CONFIG, data=null}
2025-06-26 08:31:35 INFO  org.example.ServicesImplementation - Am ajuns aici config!
2025-06-26 08:31:35 INFO  org.example.ReflectionWorkerRPC - Handled request: GET_CONFIG
2025-06-26 08:31:35 INFO  org.example.ProxyRPC - Response received: Response{type=OK, data=org.example.DTO.ConfigurationDTO@5367cdc8}
2025-06-26 08:31:37 INFO  org.example.client.MainView - Value 2 = a
2025-06-26 08:31:39 INFO  org.example.client.MainView - Value 2 = a
2025-06-26 08:31:41 INFO  org.example.client.MainView - Value 2 = b
2025-06-26 08:31:42 INFO  org.example.client.MainView - Value 2 = c
2025-06-26 08:31:44 INFO  org.example.client.MainView - Value 2 = d
2025-06-26 08:31:44 INFO  org.example.ProxyRPC - Sending request: SAVE_GAME
2025-06-26 08:31:44 INFO  org.example.ProxyRPC - Request sent successfully
2025-06-26 08:31:44 INFO  org.example.ReflectionWorkerRPC - Request received: Request{type=SAVE_GAME, data=org.example.DTO.GameDTO@1345a074}
2025-06-26 08:31:44 INFO  org.example.ServicesImplementation - Trimitem notificare la 1 clienti
2025-06-26 08:31:44 INFO  org.example.ReflectionWorkerRPC - Handled request: SAVE_GAME
2025-06-26 08:31:45 INFO  org.example.ProxyRPC - Response received: Response{type=OK, data=null}
2025-06-26 08:31:45 INFO  org.example.ReflectionWorkerRPC - Am trimis update!
2025-06-26 08:31:45 INFO  org.example.ProxyRPC - Response received: Response{type=NEW_GAME, data=null}
2025-06-26 08:31:45 INFO  org.example.ProxyRPC - Sending request: GET_GAMES
2025-06-26 08:31:45 INFO  org.example.ProxyRPC - Request sent successfully
2025-06-26 08:31:46 INFO  org.example.ReflectionWorkerRPC - Request received: Request{type=GET_GAMES, data=null}
2025-06-26 08:31:46 INFO  org.example.ReflectionWorkerRPC - Handled request: GET_GAMES
2025-06-26 08:31:46 INFO  org.example.ProxyRPC - Response received: Response{type=OK, data=[org.example.DTO.GameDTO@60b5fda0]}
2025-06-26 08:31:56 INFO  org.example.ReflectionWorkerRPC - Error in worker run: Connection reset
2025-06-26 08:40:42 INFO  org.example.StartServerRPC - Server started
2025-06-26 08:40:53 INFO  org.example.client.StartClientRPC - Client running on localhost:55556
2025-06-26 08:40:59 INFO  org.example.ProxyRPC - Connection initialized successfully
2025-06-26 08:40:59 INFO  org.example.ProxyRPC - Am intrat in login
2025-06-26 08:40:59 INFO  org.example.ProxyRPC - Sending request: LOGIN
2025-06-26 08:40:59 INFO  org.example.ReflectionWorkerRPC - Am fost creat la cererea clientului
2025-06-26 08:40:59 INFO  org.example.ProxyRPC - Request sent successfully
2025-06-26 08:40:59 INFO  org.example.ProxyRPC - Am trimis requestul de login
2025-06-26 08:40:59 INFO  org.example.ReflectionWorkerRPC - Request received: Request{type=LOGIN, data=PlayerDTO [id=0, name=a]}
2025-06-26 08:40:59 INFO  org.example.ReflectionWorkerRPC - Angajatul pe care l-am primit are datele a
2025-06-26 08:40:59 INFO  org.hibernate.Version - HHH000412: Hibernate ORM core version 6.4.4.Final
2025-06-26 08:40:59 INFO  org.hibernate.cfg.Environment - HHH000205: Loaded properties from resource hibernate.properties: {hibernate.format_sql=true, hibernate.hbm2ddl.auto=update, hibernate.highlight_sql=true, jakarta.persistence.jdbc.url=jdbc:mariadb://localhost:3306/jocmemoriempp, jakarta.persistence.jdbc.user=root, jakarta.persistence.jdbc.schema-generation.database.action=update, server.port=55556, hibernate.show_sql=true, jakarta.persistence.jdbc.password=}
2025-06-26 08:40:59 INFO  org.hibernate.cache.internal.RegionFactoryInitiator - HHH000026: Second-level cache disabled
2025-06-26 08:41:00 WARN  org.hibernate.orm.connections.pooling - HHH10001002: Using built-in connection pool (not intended for production use)
2025-06-26 08:41:00 INFO  org.hibernate.orm.connections.pooling - HHH10001005: Loaded JDBC driver class: org.mariadb.jdbc.Driver
2025-06-26 08:41:00 INFO  org.hibernate.orm.connections.pooling - HHH10001012: Connecting with JDBC URL [jdbc:mariadb://localhost:3306/jocmemoriempp]
2025-06-26 08:41:00 INFO  org.hibernate.orm.connections.pooling - HHH10001001: Connection properties: {password=****, user=root}
2025-06-26 08:41:00 INFO  org.hibernate.orm.connections.pooling - HHH10001003: Autocommit mode: false
2025-06-26 08:41:00 INFO  org.hibernate.orm.connections.pooling - HHH10001115: Connection pool size: 20 (min=1)
2025-06-26 08:41:00 INFO  org.hibernate.validator.internal.util.Version - HV000001: Hibernate Validator 8.0.0.Final
2025-06-26 08:41:01 INFO  org.hibernate.engine.transaction.jta.platform.internal.JtaPlatformInitiator - HHH000489: No JTA platform available (set 'hibernate.transaction.jta.platform' to enable JTA platform integration)
2025-06-26 08:41:01 INFO  org.hibernate.orm.connections.access - HHH10001501: Connection obtained from JdbcConnectionAccess [org.hibernate.engine.jdbc.env.internal.JdbcEnvironmentInitiator$ConnectionProviderJdbcConnectionAccess@57ab37ac] for (non-JTA) DDL execution was not in auto-commit mode; the Connection 'local transaction' will be committed and the Connection will be set into auto-commit mode.
2025-06-26 08:41:02 INFO  org.example.ReflectionWorkerRPC - Handled request: LOGIN
2025-06-26 08:41:02 INFO  org.example.ProxyRPC - Response received: Response{type=OK, data=PlayerDTO [id=1, name=a]}
2025-06-26 08:41:02 INFO  org.example.ProxyRPC - Sending request: GET_GAMES
2025-06-26 08:41:02 INFO  org.example.ProxyRPC - Request sent successfully
2025-06-26 08:41:03 INFO  org.example.ReflectionWorkerRPC - Request received: Request{type=GET_GAMES, data=null}
2025-06-26 08:41:03 INFO  org.example.ReflectionWorkerRPC - Handled request: GET_GAMES
2025-06-26 08:41:03 INFO  org.example.ProxyRPC - Response received: Response{type=OK, data=[org.example.DTO.GameDTO@775fa49a]}
2025-06-26 08:41:03 INFO  org.example.ProxyRPC - Sending request: GET_CONFIG
2025-06-26 08:41:03 INFO  org.example.ProxyRPC - Request sent successfully
2025-06-26 08:41:04 INFO  org.example.ReflectionWorkerRPC - Request received: Request{type=GET_CONFIG, data=null}
2025-06-26 08:41:04 INFO  org.example.ServicesImplementation - Am ajuns aici config!
2025-06-26 08:41:04 INFO  org.example.ReflectionWorkerRPC - Handled request: GET_CONFIG
2025-06-26 08:41:04 INFO  org.example.ProxyRPC - Response received: Response{type=OK, data=org.example.DTO.ConfigurationDTO@70e2c15e}
2025-06-26 08:41:15 INFO  org.example.ProxyRPC - Sending request: GET_CONFIG
2025-06-26 08:41:15 INFO  org.example.ProxyRPC - Request sent successfully
2025-06-26 08:41:15 INFO  org.example.ReflectionWorkerRPC - Request received: Request{type=GET_CONFIG, data=null}
2025-06-26 08:41:15 INFO  org.example.ServicesImplementation - Am ajuns aici config!
2025-06-26 08:41:15 INFO  org.example.ReflectionWorkerRPC - Handled request: GET_CONFIG
2025-06-26 08:41:15 INFO  org.example.ProxyRPC - Response received: Response{type=OK, data=org.example.DTO.ConfigurationDTO@5a1f7856}
2025-06-26 08:41:18 INFO  org.example.client.MainView - Value 2 = c
2025-06-26 08:41:20 INFO  org.example.client.MainView - Value 2 = a
2025-06-26 08:41:21 INFO  org.example.client.MainView - Value 2 = d
2025-06-26 08:41:23 INFO  org.example.client.MainView - Value 2 = d
2025-06-26 08:41:25 INFO  org.example.client.MainView - Value 2 = d
2025-06-26 08:41:27 INFO  org.example.client.MainView - Value 2 = c
2025-06-26 08:41:27 INFO  org.example.ProxyRPC - Sending request: SAVE_GAME
2025-06-26 08:41:27 INFO  org.example.ProxyRPC - Request sent successfully
2025-06-26 08:41:27 INFO  org.example.ReflectionWorkerRPC - Request received: Request{type=SAVE_GAME, data=org.example.DTO.GameDTO@7c81994e}
2025-06-26 08:41:27 INFO  org.example.ServicesImplementation - Trimitem notificare la 1 clienti
2025-06-26 08:41:27 INFO  org.example.ReflectionWorkerRPC - Handled request: SAVE_GAME
2025-06-26 08:41:27 INFO  org.example.ProxyRPC - Response received: Response{type=OK, data=null}
2025-06-26 08:41:27 INFO  org.example.ReflectionWorkerRPC - Am trimis update!
2025-06-26 08:41:27 INFO  org.example.ProxyRPC - Response received: Response{type=NEW_GAME, data=null}
2025-06-26 08:41:27 INFO  org.example.ProxyRPC - Sending request: GET_GAMES
2025-06-26 08:41:27 INFO  org.example.ProxyRPC - Request sent successfully
2025-06-26 08:41:28 INFO  org.example.ReflectionWorkerRPC - Request received: Request{type=GET_GAMES, data=null}
2025-06-26 08:41:28 INFO  org.example.ReflectionWorkerRPC - Handled request: GET_GAMES
2025-06-26 08:41:28 INFO  org.example.ProxyRPC - Response received: Response{type=OK, data=[org.example.DTO.GameDTO@59c64c0e, org.example.DTO.GameDTO@3f488e59]}
2025-06-26 08:41:34 INFO  org.example.ProxyRPC - Sending request: GET_CONFIG
2025-06-26 08:41:34 INFO  org.example.ProxyRPC - Request sent successfully
2025-06-26 08:41:34 INFO  org.example.ReflectionWorkerRPC - Request received: Request{type=GET_CONFIG, data=null}
2025-06-26 08:41:34 INFO  org.example.ServicesImplementation - Am ajuns aici config!
2025-06-26 08:41:34 INFO  org.example.ReflectionWorkerRPC - Handled request: GET_CONFIG
2025-06-26 08:41:34 INFO  org.example.ProxyRPC - Response received: Response{type=OK, data=org.example.DTO.ConfigurationDTO@1e348c2e}
2025-06-26 08:41:36 ERROR org.example.ProxyRPC - PROXY: Error in reader thread: Connection reset
2025-06-26 09:09:16 INFO  org.example.StartServerRPC - Server started
2025-06-26 09:09:26 INFO  org.example.client.StartClientRPC - Client running on localhost:55556
2025-06-26 09:09:28 INFO  org.example.ProxyRPC - Connection initialized successfully
2025-06-26 09:09:28 INFO  org.example.ProxyRPC - Am intrat in login
2025-06-26 09:09:28 INFO  org.example.ProxyRPC - Sending request: LOGIN
2025-06-26 09:09:28 INFO  org.example.ReflectionWorkerRPC - Am fost creat la cererea clientului
2025-06-26 09:09:28 INFO  org.example.ProxyRPC - Request sent successfully
2025-06-26 09:09:28 INFO  org.example.ProxyRPC - Am trimis requestul de login
2025-06-26 09:09:28 INFO  org.example.ReflectionWorkerRPC - Request received: Request{type=LOGIN, data=PlayerDTO [id=0, name=a]}
2025-06-26 09:09:28 INFO  org.example.ReflectionWorkerRPC - Angajatul pe care l-am primit are datele a
2025-06-26 09:09:28 INFO  org.hibernate.Version - HHH000412: Hibernate ORM core version 6.4.4.Final
2025-06-26 09:09:29 INFO  org.hibernate.cfg.Environment - HHH000205: Loaded properties from resource hibernate.properties: {hibernate.format_sql=true, hibernate.hbm2ddl.auto=update, hibernate.highlight_sql=true, jakarta.persistence.jdbc.url=jdbc:mariadb://localhost:3306/jocmemoriempp, jakarta.persistence.jdbc.user=root, jakarta.persistence.jdbc.schema-generation.database.action=update, server.port=55556, hibernate.show_sql=true, jakarta.persistence.jdbc.password=}
2025-06-26 09:09:29 INFO  org.hibernate.cache.internal.RegionFactoryInitiator - HHH000026: Second-level cache disabled
2025-06-26 09:09:29 WARN  org.hibernate.orm.connections.pooling - HHH10001002: Using built-in connection pool (not intended for production use)
2025-06-26 09:09:29 INFO  org.hibernate.orm.connections.pooling - HHH10001005: Loaded JDBC driver class: org.mariadb.jdbc.Driver
2025-06-26 09:09:29 INFO  org.hibernate.orm.connections.pooling - HHH10001012: Connecting with JDBC URL [jdbc:mariadb://localhost:3306/jocmemoriempp]
2025-06-26 09:09:29 INFO  org.hibernate.orm.connections.pooling - HHH10001001: Connection properties: {password=****, user=root}
2025-06-26 09:09:29 INFO  org.hibernate.orm.connections.pooling - HHH10001003: Autocommit mode: false
2025-06-26 09:09:29 INFO  org.hibernate.orm.connections.pooling - HHH10001115: Connection pool size: 20 (min=1)
2025-06-26 09:09:29 INFO  org.hibernate.validator.internal.util.Version - HV000001: Hibernate Validator 8.0.0.Final
2025-06-26 09:09:30 INFO  org.hibernate.engine.transaction.jta.platform.internal.JtaPlatformInitiator - HHH000489: No JTA platform available (set 'hibernate.transaction.jta.platform' to enable JTA platform integration)
2025-06-26 09:09:30 INFO  org.hibernate.orm.connections.access - HHH10001501: Connection obtained from JdbcConnectionAccess [org.hibernate.engine.jdbc.env.internal.JdbcEnvironmentInitiator$ConnectionProviderJdbcConnectionAccess@288366f1] for (non-JTA) DDL execution was not in auto-commit mode; the Connection 'local transaction' will be committed and the Connection will be set into auto-commit mode.
2025-06-26 09:09:31 INFO  org.example.ReflectionWorkerRPC - Handled request: LOGIN
2025-06-26 09:09:31 INFO  org.example.ProxyRPC - Response received: Response{type=OK, data=PlayerDTO [id=1, name=a]}
2025-06-26 09:09:31 INFO  org.example.ProxyRPC - Sending request: GET_GAMES
2025-06-26 09:09:31 INFO  org.example.ProxyRPC - Request sent successfully
2025-06-26 09:09:32 INFO  org.example.ReflectionWorkerRPC - Request received: Request{type=GET_GAMES, data=null}
2025-06-26 09:09:32 INFO  org.example.ReflectionWorkerRPC - Handled request: GET_GAMES
2025-06-26 09:09:32 INFO  org.example.ProxyRPC - Response received: Response{type=OK, data=[org.example.DTO.GameDTO@2718c4fe, org.example.DTO.GameDTO@49ef324e]}
2025-06-26 09:09:32 INFO  org.example.ProxyRPC - Sending request: GET_CONFIG
2025-06-26 09:09:32 INFO  org.example.ProxyRPC - Request sent successfully
2025-06-26 09:09:33 INFO  org.example.ReflectionWorkerRPC - Request received: Request{type=GET_CONFIG, data=null}
2025-06-26 09:09:33 INFO  org.example.ServicesImplementation - Am ajuns aici config!
2025-06-26 09:09:33 INFO  org.example.ReflectionWorkerRPC - Handled request: GET_CONFIG
2025-06-26 09:09:33 INFO  org.example.ProxyRPC - Response received: Response{type=OK, data=org.example.DTO.ConfigurationDTO@54835c83}
2025-06-26 09:09:38 INFO  org.example.ProxyRPC - Sending request: GET_CONFIG
2025-06-26 09:09:38 INFO  org.example.ProxyRPC - Request sent successfully
2025-06-26 09:09:38 INFO  org.example.ReflectionWorkerRPC - Request received: Request{type=GET_CONFIG, data=null}
2025-06-26 09:09:38 INFO  org.example.ServicesImplementation - Am ajuns aici config!
2025-06-26 09:09:38 INFO  org.example.ReflectionWorkerRPC - Handled request: GET_CONFIG
2025-06-26 09:09:38 INFO  org.example.ProxyRPC - Response received: Response{type=OK, data=org.example.DTO.ConfigurationDTO@45b1f926}
2025-06-26 09:09:41 INFO  org.example.client.MainView - Value 2 = n
2025-06-26 09:09:44 INFO  org.example.client.MainView - Value 2 = n
2025-06-26 09:09:46 INFO  org.example.client.MainView - Value 2 = b
2025-06-26 09:09:48 INFO  org.example.client.MainView - Value 2 = a
2025-06-26 09:09:50 INFO  org.example.client.MainView - Value 2 = m
2025-06-26 09:09:52 INFO  org.example.client.MainView - Value 2 = a
2025-06-26 09:09:52 INFO  org.example.ProxyRPC - Sending request: SAVE_GAME
2025-06-26 09:09:52 INFO  org.example.ProxyRPC - Request sent successfully
2025-06-26 09:09:52 INFO  org.example.ReflectionWorkerRPC - Request received: Request{type=SAVE_GAME, data=org.example.DTO.GameDTO@4224a38b}
2025-06-26 09:09:52 INFO  org.example.ServicesImplementation - Trimitem notificare la 1 clienti
2025-06-26 09:09:52 INFO  org.example.ReflectionWorkerRPC - Handled request: SAVE_GAME
2025-06-26 09:09:52 INFO  org.example.ProxyRPC - Response received: Response{type=OK, data=null}
2025-06-26 09:09:52 INFO  org.example.ProxyRPC - Response received: Response{type=NEW_GAME, data=null}
2025-06-26 09:09:52 INFO  org.example.ReflectionWorkerRPC - Am trimis update!
2025-06-26 09:09:52 INFO  org.example.ProxyRPC - Sending request: GET_GAMES
2025-06-26 09:09:52 INFO  org.example.ProxyRPC - Request sent successfully
2025-06-26 09:09:53 INFO  org.example.ReflectionWorkerRPC - Request received: Request{type=GET_GAMES, data=null}
2025-06-26 09:09:53 INFO  org.example.ReflectionWorkerRPC - Handled request: GET_GAMES
2025-06-26 09:09:53 INFO  org.example.ProxyRPC - Response received: Response{type=OK, data=[org.example.DTO.GameDTO@686ef1af, org.example.DTO.GameDTO@26c7df65, org.example.DTO.GameDTO@6cf57a52]}
2025-06-26 09:10:37 ERROR org.example.ProxyRPC - PROXY: Error in reader thread: Connection reset
2025-06-26 09:10:41 INFO  org.example.StartServerRPC - Server started
2025-06-26 09:10:42 INFO  org.example.client.StartClientRPC - Client running on localhost:55556
2025-06-26 09:10:44 INFO  org.example.ProxyRPC - Connection initialized successfully
2025-06-26 09:10:44 INFO  org.example.ProxyRPC - Am intrat in login
2025-06-26 09:10:44 INFO  org.example.ProxyRPC - Sending request: LOGIN
2025-06-26 09:10:44 INFO  org.example.ReflectionWorkerRPC - Am fost creat la cererea clientului
2025-06-26 09:10:44 INFO  org.example.ProxyRPC - Request sent successfully
2025-06-26 09:10:44 INFO  org.example.ProxyRPC - Am trimis requestul de login
2025-06-26 09:10:44 INFO  org.example.ReflectionWorkerRPC - Request received: Request{type=LOGIN, data=PlayerDTO [id=0, name=a]}
2025-06-26 09:10:44 INFO  org.example.ReflectionWorkerRPC - Angajatul pe care l-am primit are datele a
2025-06-26 09:10:44 INFO  org.hibernate.Version - HHH000412: Hibernate ORM core version 6.4.4.Final
2025-06-26 09:10:44 INFO  org.hibernate.cfg.Environment - HHH000205: Loaded properties from resource hibernate.properties: {hibernate.format_sql=true, hibernate.hbm2ddl.auto=update, hibernate.highlight_sql=true, jakarta.persistence.jdbc.url=jdbc:mariadb://localhost:3306/jocmemoriempp, jakarta.persistence.jdbc.user=root, jakarta.persistence.jdbc.schema-generation.database.action=update, server.port=55556, hibernate.show_sql=true, jakarta.persistence.jdbc.password=}
2025-06-26 09:10:44 INFO  org.hibernate.cache.internal.RegionFactoryInitiator - HHH000026: Second-level cache disabled
2025-06-26 09:10:45 WARN  org.hibernate.orm.connections.pooling - HHH10001002: Using built-in connection pool (not intended for production use)
2025-06-26 09:10:45 INFO  org.hibernate.orm.connections.pooling - HHH10001005: Loaded JDBC driver class: org.mariadb.jdbc.Driver
2025-06-26 09:10:45 INFO  org.hibernate.orm.connections.pooling - HHH10001012: Connecting with JDBC URL [jdbc:mariadb://localhost:3306/jocmemoriempp]
2025-06-26 09:10:45 INFO  org.hibernate.orm.connections.pooling - HHH10001001: Connection properties: {password=****, user=root}
2025-06-26 09:10:45 INFO  org.hibernate.orm.connections.pooling - HHH10001003: Autocommit mode: false
2025-06-26 09:10:45 INFO  org.hibernate.orm.connections.pooling - HHH10001115: Connection pool size: 20 (min=1)
2025-06-26 09:10:45 INFO  org.hibernate.validator.internal.util.Version - HV000001: Hibernate Validator 8.0.0.Final
2025-06-26 09:10:46 INFO  org.hibernate.engine.transaction.jta.platform.internal.JtaPlatformInitiator - HHH000489: No JTA platform available (set 'hibernate.transaction.jta.platform' to enable JTA platform integration)
2025-06-26 09:10:46 INFO  org.hibernate.orm.connections.access - HHH10001501: Connection obtained from JdbcConnectionAccess [org.hibernate.engine.jdbc.env.internal.JdbcEnvironmentInitiator$ConnectionProviderJdbcConnectionAccess@3f4317b3] for (non-JTA) DDL execution was not in auto-commit mode; the Connection 'local transaction' will be committed and the Connection will be set into auto-commit mode.
2025-06-26 09:10:46 INFO  org.example.ReflectionWorkerRPC - Handled request: LOGIN
2025-06-26 09:10:46 INFO  org.example.ProxyRPC - Response received: Response{type=OK, data=PlayerDTO [id=1, name=a]}
2025-06-26 09:10:47 INFO  org.example.ProxyRPC - Sending request: GET_GAMES
2025-06-26 09:10:47 INFO  org.example.ProxyRPC - Request sent successfully
2025-06-26 09:10:47 INFO  org.example.ReflectionWorkerRPC - Request received: Request{type=GET_GAMES, data=null}
2025-06-26 09:10:48 INFO  org.example.ReflectionWorkerRPC - Handled request: GET_GAMES
2025-06-26 09:10:48 INFO  org.example.ProxyRPC - Response received: Response{type=OK, data=[org.example.DTO.GameDTO@112a0f9a, org.example.DTO.GameDTO@19fd82d, org.example.DTO.GameDTO@5cc71113]}
2025-06-26 09:10:48 INFO  org.example.ProxyRPC - Sending request: GET_CONFIG
2025-06-26 09:10:48 INFO  org.example.ProxyRPC - Request sent successfully
2025-06-26 09:10:49 INFO  org.example.ReflectionWorkerRPC - Request received: Request{type=GET_CONFIG, data=null}
2025-06-26 09:10:49 INFO  org.example.ServicesImplementation - Am ajuns aici config!
2025-06-26 09:10:49 INFO  org.example.ReflectionWorkerRPC - Handled request: GET_CONFIG
2025-06-26 09:10:49 INFO  org.example.ProxyRPC - Response received: Response{type=OK, data=org.example.DTO.ConfigurationDTO@71451b89}
2025-06-26 09:11:13 INFO  org.example.StartServerRPC - Server started
2025-06-26 09:11:19 INFO  org.example.client.StartClientRPC - Client running on localhost:55556
2025-06-26 09:11:27 INFO  org.example.ProxyRPC - Connection initialized successfully
2025-06-26 09:11:27 INFO  org.example.ProxyRPC - Am intrat in login
2025-06-26 09:11:27 INFO  org.example.ProxyRPC - Sending request: LOGIN
2025-06-26 09:11:27 INFO  org.example.ReflectionWorkerRPC - Am fost creat la cererea clientului
2025-06-26 09:11:27 INFO  org.example.ProxyRPC - Request sent successfully
2025-06-26 09:11:27 INFO  org.example.ProxyRPC - Am trimis requestul de login
2025-06-26 09:11:27 INFO  org.example.ReflectionWorkerRPC - Request received: Request{type=LOGIN, data=PlayerDTO [id=0, name=a]}
2025-06-26 09:11:27 INFO  org.example.ReflectionWorkerRPC - Angajatul pe care l-am primit are datele a
2025-06-26 09:11:28 INFO  org.hibernate.Version - HHH000412: Hibernate ORM core version 6.4.4.Final
2025-06-26 09:11:28 INFO  org.hibernate.cfg.Environment - HHH000205: Loaded properties from resource hibernate.properties: {hibernate.format_sql=true, hibernate.hbm2ddl.auto=update, hibernate.highlight_sql=true, jakarta.persistence.jdbc.url=jdbc:mariadb://localhost:3306/jocmemoriempp, jakarta.persistence.jdbc.user=root, jakarta.persistence.jdbc.schema-generation.database.action=update, server.port=55556, hibernate.show_sql=true, jakarta.persistence.jdbc.password=}
2025-06-26 09:11:28 INFO  org.hibernate.cache.internal.RegionFactoryInitiator - HHH000026: Second-level cache disabled
2025-06-26 09:11:28 WARN  org.hibernate.orm.connections.pooling - HHH10001002: Using built-in connection pool (not intended for production use)
2025-06-26 09:11:28 INFO  org.hibernate.orm.connections.pooling - HHH10001005: Loaded JDBC driver class: org.mariadb.jdbc.Driver
2025-06-26 09:11:28 INFO  org.hibernate.orm.connections.pooling - HHH10001012: Connecting with JDBC URL [jdbc:mariadb://localhost:3306/jocmemoriempp]
2025-06-26 09:11:28 INFO  org.hibernate.orm.connections.pooling - HHH10001001: Connection properties: {password=****, user=root}
2025-06-26 09:11:28 INFO  org.hibernate.orm.connections.pooling - HHH10001003: Autocommit mode: false
2025-06-26 09:11:28 INFO  org.hibernate.orm.connections.pooling - HHH10001115: Connection pool size: 20 (min=1)
2025-06-26 09:11:28 INFO  org.hibernate.validator.internal.util.Version - HV000001: Hibernate Validator 8.0.0.Final
2025-06-26 09:11:29 INFO  org.hibernate.engine.transaction.jta.platform.internal.JtaPlatformInitiator - HHH000489: No JTA platform available (set 'hibernate.transaction.jta.platform' to enable JTA platform integration)
2025-06-26 09:11:29 INFO  org.hibernate.orm.connections.access - HHH10001501: Connection obtained from JdbcConnectionAccess [org.hibernate.engine.jdbc.env.internal.JdbcEnvironmentInitiator$ConnectionProviderJdbcConnectionAccess@719eedba] for (non-JTA) DDL execution was not in auto-commit mode; the Connection 'local transaction' will be committed and the Connection will be set into auto-commit mode.
2025-06-26 09:11:30 INFO  org.example.ReflectionWorkerRPC - Handled request: LOGIN
2025-06-26 09:11:30 INFO  org.example.ProxyRPC - Response received: Response{type=OK, data=PlayerDTO [id=1, name=a]}
2025-06-26 09:11:30 INFO  org.example.ProxyRPC - Sending request: GET_GAMES
2025-06-26 09:11:30 INFO  org.example.ProxyRPC - Request sent successfully
2025-06-26 09:11:31 INFO  org.example.ReflectionWorkerRPC - Request received: Request{type=GET_GAMES, data=null}
2025-06-26 09:11:31 INFO  org.example.ReflectionWorkerRPC - Handled request: GET_GAMES
2025-06-26 09:11:31 INFO  org.example.ProxyRPC - Response received: Response{type=OK, data=[org.example.DTO.GameDTO@2718c4fe, org.example.DTO.GameDTO@49ef324e, org.example.DTO.GameDTO@78976f2b]}
2025-06-26 09:11:31 INFO  org.example.ProxyRPC - Sending request: GET_CONFIG
2025-06-26 09:11:31 INFO  org.example.ProxyRPC - Request sent successfully
2025-06-26 09:11:32 INFO  org.example.ReflectionWorkerRPC - Request received: Request{type=GET_CONFIG, data=null}
2025-06-26 09:11:32 INFO  org.example.ServicesImplementation - Am ajuns aici config!
2025-06-26 09:11:32 INFO  org.example.ReflectionWorkerRPC - Handled request: GET_CONFIG
2025-06-26 09:11:32 INFO  org.example.ProxyRPC - Response received: Response{type=OK, data=org.example.DTO.ConfigurationDTO@45b1f926}
2025-06-26 09:11:46 INFO  org.example.client.StartClientRPC - Client running on localhost:55556
2025-06-26 09:11:50 INFO  org.example.ReflectionWorkerRPC - Am fost creat la cererea clientului
2025-06-26 09:11:50 INFO  org.example.ProxyRPC - Connection initialized successfully
2025-06-26 09:11:50 INFO  org.example.ProxyRPC - Am intrat in login
2025-06-26 09:11:50 INFO  org.example.ProxyRPC - Sending request: LOGIN
2025-06-26 09:11:50 INFO  org.example.ProxyRPC - Request sent successfully
2025-06-26 09:11:50 INFO  org.example.ProxyRPC - Am trimis requestul de login
2025-06-26 09:11:50 INFO  org.example.ReflectionWorkerRPC - Request received: Request{type=LOGIN, data=PlayerDTO [id=0, name=b]}
2025-06-26 09:11:50 INFO  org.example.ReflectionWorkerRPC - Angajatul pe care l-am primit are datele b
2025-06-26 09:11:50 INFO  org.example.ReflectionWorkerRPC - Handled request: LOGIN
2025-06-26 09:11:50 INFO  org.example.ProxyRPC - Response received: Response{type=OK, data=PlayerDTO [id=2, name=b]}
2025-06-26 09:11:50 INFO  org.example.ProxyRPC - Sending request: GET_GAMES
2025-06-26 09:11:50 INFO  org.example.ProxyRPC - Request sent successfully
2025-06-26 09:11:51 INFO  org.example.ReflectionWorkerRPC - Request received: Request{type=GET_GAMES, data=null}
2025-06-26 09:11:51 INFO  org.example.ReflectionWorkerRPC - Handled request: GET_GAMES
2025-06-26 09:11:51 INFO  org.example.ProxyRPC - Response received: Response{type=OK, data=[org.example.DTO.GameDTO@642e0552, org.example.DTO.GameDTO@2dbcc2ed, org.example.DTO.GameDTO@1ec3cf12]}
2025-06-26 09:11:51 INFO  org.example.ProxyRPC - Sending request: GET_CONFIG
2025-06-26 09:11:51 INFO  org.example.ProxyRPC - Request sent successfully
2025-06-26 09:11:52 INFO  org.example.ReflectionWorkerRPC - Request received: Request{type=GET_CONFIG, data=null}
2025-06-26 09:11:52 INFO  org.example.ServicesImplementation - Am ajuns aici config!
2025-06-26 09:11:52 INFO  org.example.ReflectionWorkerRPC - Handled request: GET_CONFIG
2025-06-26 09:11:52 INFO  org.example.ProxyRPC - Response received: Response{type=OK, data=org.example.DTO.ConfigurationDTO@487d5255}
2025-06-26 09:11:55 INFO  org.example.ProxyRPC - Sending request: GET_CONFIG
2025-06-26 09:11:55 INFO  org.example.ProxyRPC - Request sent successfully
2025-06-26 09:11:55 INFO  org.example.ReflectionWorkerRPC - Request received: Request{type=GET_CONFIG, data=null}
2025-06-26 09:11:55 INFO  org.example.ServicesImplementation - Am ajuns aici config!
2025-06-26 09:11:55 INFO  org.example.ReflectionWorkerRPC - Handled request: GET_CONFIG
2025-06-26 09:11:55 INFO  org.example.ProxyRPC - Response received: Response{type=OK, data=org.example.DTO.ConfigurationDTO@69c46980}
2025-06-26 09:11:57 INFO  org.example.client.MainView - Value 2 = a
2025-06-26 09:11:59 INFO  org.example.client.MainView - Value 2 = b
2025-06-26 09:12:01 INFO  org.example.client.MainView - Value 2 = b
2025-06-26 09:12:03 INFO  org.example.client.MainView - Value 2 = a
2025-06-26 09:12:04 INFO  org.example.client.MainView - Value 2 = n
2025-06-26 09:12:06 INFO  org.example.client.MainView - Value 2 = m
2025-06-26 09:12:06 INFO  org.example.ProxyRPC - Sending request: SAVE_GAME
2025-06-26 09:12:06 INFO  org.example.ProxyRPC - Request sent successfully
2025-06-26 09:12:06 INFO  org.example.ReflectionWorkerRPC - Request received: Request{type=SAVE_GAME, data=org.example.DTO.GameDTO@6b747bff}
2025-06-26 09:12:06 INFO  org.example.ServicesImplementation - Trimitem notificare la 2 clienti
2025-06-26 09:12:06 INFO  org.example.ReflectionWorkerRPC - Handled request: SAVE_GAME
2025-06-26 09:12:06 INFO  org.example.ProxyRPC - Response received: Response{type=OK, data=null}
2025-06-26 09:12:06 INFO  org.example.ReflectionWorkerRPC - Am trimis update!
2025-06-26 09:12:06 INFO  org.example.ProxyRPC - Response received: Response{type=NEW_GAME, data=null}
2025-06-26 09:12:06 INFO  org.example.ProxyRPC - Response received: Response{type=NEW_GAME, data=null}
2025-06-26 09:12:06 INFO  org.example.ReflectionWorkerRPC - Am trimis update!
2025-06-26 09:12:06 INFO  org.example.ProxyRPC - Sending request: GET_GAMES
2025-06-26 09:12:06 INFO  org.example.ProxyRPC - Request sent successfully
2025-06-26 09:12:06 INFO  org.example.ReflectionWorkerRPC - Request received: Request{type=GET_GAMES, data=null}
2025-06-26 09:12:06 INFO  org.example.ProxyRPC - Sending request: GET_GAMES
2025-06-26 09:12:06 INFO  org.example.ProxyRPC - Request sent successfully
2025-06-26 09:12:06 INFO  org.example.ReflectionWorkerRPC - Handled request: GET_GAMES
2025-06-26 09:12:06 INFO  org.example.ProxyRPC - Response received: Response{type=OK, data=[org.example.DTO.GameDTO@686ef1af, org.example.DTO.GameDTO@26c7df65, org.example.DTO.GameDTO@6cf57a52, org.example.DTO.GameDTO@254814c9]}
2025-06-26 09:12:07 INFO  org.example.ReflectionWorkerRPC - Request received: Request{type=GET_GAMES, data=null}
2025-06-26 09:12:07 INFO  org.example.ReflectionWorkerRPC - Handled request: GET_GAMES
2025-06-26 09:12:07 INFO  org.example.ProxyRPC - Response received: Response{type=OK, data=[org.example.DTO.GameDTO@5f0c5eb, org.example.DTO.GameDTO@273dd0fa, org.example.DTO.GameDTO@6dff35f4, org.example.DTO.GameDTO@645688b2]}
2025-06-26 09:12:17 ERROR org.example.ProxyRPC - PROXY: Error in reader thread: Connection reset
2025-06-26 09:13:44 INFO  org.example.StartServerRPC - Server started
2025-06-26 09:13:53 INFO  org.example.client.StartClientRPC - Client running on localhost:55556
2025-06-26 09:13:56 INFO  org.example.ProxyRPC - Connection initialized successfully
2025-06-26 09:13:56 INFO  org.example.ProxyRPC - Am intrat in login
2025-06-26 09:13:56 INFO  org.example.ProxyRPC - Sending request: LOGIN
2025-06-26 09:13:56 INFO  org.example.ReflectionWorkerRPC - Am fost creat la cererea clientului
2025-06-26 09:13:56 INFO  org.example.ProxyRPC - Request sent successfully
2025-06-26 09:13:56 INFO  org.example.ProxyRPC - Am trimis requestul de login
2025-06-26 09:13:56 INFO  org.example.ReflectionWorkerRPC - Request received: Request{type=LOGIN, data=PlayerDTO [id=0, name=a]}
2025-06-26 09:13:56 INFO  org.example.ReflectionWorkerRPC - Angajatul pe care l-am primit are datele a
2025-06-26 09:13:56 INFO  org.hibernate.Version - HHH000412: Hibernate ORM core version 6.4.4.Final
2025-06-26 09:13:56 INFO  org.hibernate.cfg.Environment - HHH000205: Loaded properties from resource hibernate.properties: {hibernate.format_sql=true, hibernate.hbm2ddl.auto=update, hibernate.highlight_sql=true, jakarta.persistence.jdbc.url=jdbc:mariadb://localhost:3306/jocmemoriempp, jakarta.persistence.jdbc.user=root, jakarta.persistence.jdbc.schema-generation.database.action=update, server.port=55556, hibernate.show_sql=true, jakarta.persistence.jdbc.password=}
2025-06-26 09:13:56 INFO  org.hibernate.cache.internal.RegionFactoryInitiator - HHH000026: Second-level cache disabled
2025-06-26 09:13:56 WARN  org.hibernate.orm.connections.pooling - HHH10001002: Using built-in connection pool (not intended for production use)
2025-06-26 09:13:56 INFO  org.hibernate.orm.connections.pooling - HHH10001005: Loaded JDBC driver class: org.mariadb.jdbc.Driver
2025-06-26 09:13:56 INFO  org.hibernate.orm.connections.pooling - HHH10001012: Connecting with JDBC URL [jdbc:mariadb://localhost:3306/jocmemoriempp]
2025-06-26 09:13:56 INFO  org.hibernate.orm.connections.pooling - HHH10001001: Connection properties: {password=****, user=root}
2025-06-26 09:13:56 INFO  org.hibernate.orm.connections.pooling - HHH10001003: Autocommit mode: false
2025-06-26 09:13:56 INFO  org.hibernate.orm.connections.pooling - HHH10001115: Connection pool size: 20 (min=1)
2025-06-26 09:13:56 INFO  org.hibernate.validator.internal.util.Version - HV000001: Hibernate Validator 8.0.0.Final
2025-06-26 09:13:57 INFO  org.hibernate.engine.transaction.jta.platform.internal.JtaPlatformInitiator - HHH000489: No JTA platform available (set 'hibernate.transaction.jta.platform' to enable JTA platform integration)
2025-06-26 09:13:57 INFO  org.hibernate.orm.connections.access - HHH10001501: Connection obtained from JdbcConnectionAccess [org.hibernate.engine.jdbc.env.internal.JdbcEnvironmentInitiator$ConnectionProviderJdbcConnectionAccess@719eedba] for (non-JTA) DDL execution was not in auto-commit mode; the Connection 'local transaction' will be committed and the Connection will be set into auto-commit mode.
2025-06-26 09:13:58 INFO  org.example.ReflectionWorkerRPC - Handled request: LOGIN
2025-06-26 09:13:58 INFO  org.example.ProxyRPC - Response received: Response{type=OK, data=PlayerDTO [id=1, name=a]}
2025-06-26 09:13:58 INFO  org.example.ProxyRPC - Sending request: GET_GAMES
2025-06-26 09:13:58 INFO  org.example.ProxyRPC - Request sent successfully
2025-06-26 09:13:59 INFO  org.example.ReflectionWorkerRPC - Request received: Request{type=GET_GAMES, data=null}
2025-06-26 09:13:59 INFO  org.example.ReflectionWorkerRPC - Handled request: GET_GAMES
2025-06-26 09:13:59 INFO  org.example.ProxyRPC - Response received: Response{type=OK, data=[org.example.DTO.GameDTO@112a0f9a, org.example.DTO.GameDTO@19fd82d]}
2025-06-26 09:13:59 INFO  org.example.ProxyRPC - Sending request: GET_CONFIG
2025-06-26 09:13:59 INFO  org.example.ProxyRPC - Request sent successfully
2025-06-26 09:14:00 INFO  org.example.ReflectionWorkerRPC - Request received: Request{type=GET_CONFIG, data=null}
2025-06-26 09:14:00 INFO  org.example.ServicesImplementation - Am ajuns aici config!
2025-06-26 09:14:00 INFO  org.example.ReflectionWorkerRPC - Handled request: GET_CONFIG
2025-06-26 09:14:00 INFO  org.example.ProxyRPC - Response received: Response{type=OK, data=org.example.DTO.ConfigurationDTO@2ba64f0e}
2025-06-26 09:14:02 INFO  org.example.ProxyRPC - Sending request: GET_CONFIG
2025-06-26 09:14:02 INFO  org.example.ProxyRPC - Request sent successfully
2025-06-26 09:14:02 INFO  org.example.ReflectionWorkerRPC - Request received: Request{type=GET_CONFIG, data=null}
2025-06-26 09:14:02 INFO  org.example.ServicesImplementation - Am ajuns aici config!
2025-06-26 09:14:02 INFO  org.example.ReflectionWorkerRPC - Handled request: GET_CONFIG
2025-06-26 09:14:02 INFO  org.example.ProxyRPC - Response received: Response{type=OK, data=org.example.DTO.ConfigurationDTO@71451b89}
2025-06-26 09:14:04 INFO  org.example.client.MainView - Value 2 = b
2025-06-26 09:14:06 INFO  org.example.client.MainView - Value 2 = m
2025-06-26 09:14:07 INFO  org.example.client.MainView - Value 2 = b
2025-06-26 09:14:10 INFO  org.example.client.MainView - Value 2 = b
2025-06-26 09:14:11 INFO  org.example.client.MainView - Value 2 = a
2025-06-26 09:14:12 INFO  org.example.client.MainView - Value 2 = n
2025-06-26 09:14:12 INFO  org.example.ProxyRPC - Sending request: SAVE_GAME
2025-06-26 09:14:12 INFO  org.example.ProxyRPC - Request sent successfully
2025-06-26 09:14:12 INFO  org.example.ReflectionWorkerRPC - Request received: Request{type=SAVE_GAME, data=org.example.DTO.GameDTO@9aae820}
2025-06-26 09:14:12 INFO  org.example.ServicesImplementation - Trimitem notificare la 1 clienti
2025-06-26 09:14:12 INFO  org.example.ReflectionWorkerRPC - Handled request: SAVE_GAME
2025-06-26 09:14:12 INFO  org.example.ProxyRPC - Response received: Response{type=OK, data=null}
2025-06-26 09:14:12 INFO  org.example.ReflectionWorkerRPC - Am trimis update!
2025-06-26 09:14:12 INFO  org.example.ProxyRPC - Response received: Response{type=NEW_GAME, data=null}
2025-06-26 09:14:12 INFO  org.example.ProxyRPC - Sending request: GET_GAMES
2025-06-26 09:14:12 INFO  org.example.ProxyRPC - Request sent successfully
2025-06-26 09:14:13 INFO  org.example.ReflectionWorkerRPC - Request received: Request{type=GET_GAMES, data=null}
2025-06-26 09:14:13 INFO  org.example.ReflectionWorkerRPC - Handled request: GET_GAMES
2025-06-26 09:14:13 INFO  org.example.ProxyRPC - Response received: Response{type=OK, data=[org.example.DTO.GameDTO@4b087a59, org.example.DTO.GameDTO@524f8209, org.example.DTO.GameDTO@b0f429a]}
2025-06-26 09:14:15 INFO  org.example.ProxyRPC - Sending request: GET_CONFIG
2025-06-26 09:14:15 INFO  org.example.ProxyRPC - Request sent successfully
2025-06-26 09:14:15 INFO  org.example.ReflectionWorkerRPC - Request received: Request{type=GET_CONFIG, data=null}
2025-06-26 09:14:15 INFO  org.example.ServicesImplementation - Am ajuns aici config!
2025-06-26 09:14:15 INFO  org.example.ReflectionWorkerRPC - Handled request: GET_CONFIG
2025-06-26 09:14:15 INFO  org.example.ProxyRPC - Response received: Response{type=OK, data=org.example.DTO.ConfigurationDTO@75b11965}
2025-06-26 09:14:18 INFO  org.example.client.MainView - Value 2 = a
2025-06-26 09:14:23 INFO  org.example.client.MainView - Value 2 = a
2025-06-26 09:14:24 INFO  org.example.client.MainView - Value 2 = b
2025-06-26 09:14:25 INFO  org.example.client.MainView - Value 2 = n
2025-06-26 09:14:27 INFO  org.example.client.MainView - Value 2 = n
2025-06-26 09:14:28 INFO  org.example.client.MainView - Value 2 = m
2025-06-26 09:14:28 INFO  org.example.ProxyRPC - Sending request: SAVE_GAME
2025-06-26 09:14:28 INFO  org.example.ProxyRPC - Request sent successfully
2025-06-26 09:14:28 INFO  org.example.ReflectionWorkerRPC - Request received: Request{type=SAVE_GAME, data=org.example.DTO.GameDTO@3fbd9c7b}
2025-06-26 09:14:28 INFO  org.example.ServicesImplementation - Trimitem notificare la 1 clienti
2025-06-26 09:14:28 INFO  org.example.ReflectionWorkerRPC - Handled request: SAVE_GAME
2025-06-26 09:14:28 INFO  org.example.ProxyRPC - Response received: Response{type=OK, data=null}
2025-06-26 09:14:28 INFO  org.example.ReflectionWorkerRPC - Am trimis update!
2025-06-26 09:14:28 INFO  org.example.ProxyRPC - Response received: Response{type=NEW_GAME, data=null}
2025-06-26 09:14:28 INFO  org.example.ProxyRPC - Sending request: GET_GAMES
2025-06-26 09:14:28 INFO  org.example.ProxyRPC - Request sent successfully
2025-06-26 09:14:29 INFO  org.example.ReflectionWorkerRPC - Request received: Request{type=GET_GAMES, data=null}
2025-06-26 09:14:29 INFO  org.example.ReflectionWorkerRPC - Handled request: GET_GAMES
2025-06-26 09:14:29 INFO  org.example.ProxyRPC - Response received: Response{type=OK, data=[org.example.DTO.GameDTO@7de37f38, org.example.DTO.GameDTO@5392f547, org.example.DTO.GameDTO@2278663d, org.example.DTO.GameDTO@5fff2926]}
2025-06-26 09:14:30 INFO  org.example.ProxyRPC - Sending request: GET_CONFIG
2025-06-26 09:14:30 INFO  org.example.ProxyRPC - Request sent successfully
2025-06-26 09:14:30 INFO  org.example.ReflectionWorkerRPC - Request received: Request{type=GET_CONFIG, data=null}
2025-06-26 09:14:30 INFO  org.example.ServicesImplementation - Am ajuns aici config!
2025-06-26 09:14:30 INFO  org.example.ReflectionWorkerRPC - Handled request: GET_CONFIG
2025-06-26 09:14:30 INFO  org.example.ProxyRPC - Response received: Response{type=OK, data=org.example.DTO.ConfigurationDTO@3903975e}
2025-06-26 09:14:33 INFO  org.example.client.MainView - Value 2 = a
2025-06-26 09:14:35 INFO  org.example.client.MainView - Value 2 = b
2025-06-26 09:14:37 INFO  org.example.client.MainView - Value 2 = b
2025-06-26 09:14:39 INFO  org.example.client.MainView - Value 2 = m
2025-06-26 09:14:41 INFO  org.example.client.MainView - Value 2 = a
2025-06-26 09:14:43 INFO  org.example.client.MainView - Value 2 = n
2025-06-26 09:14:43 INFO  org.example.ProxyRPC - Sending request: SAVE_GAME
2025-06-26 09:14:43 INFO  org.example.ProxyRPC - Request sent successfully
2025-06-26 09:14:43 INFO  org.example.ReflectionWorkerRPC - Request received: Request{type=SAVE_GAME, data=org.example.DTO.GameDTO@421fa606}
2025-06-26 09:14:43 INFO  org.example.ServicesImplementation - Trimitem notificare la 1 clienti
2025-06-26 09:14:43 INFO  org.example.ReflectionWorkerRPC - Handled request: SAVE_GAME
2025-06-26 09:14:43 INFO  org.example.ReflectionWorkerRPC - Am trimis update!
2025-06-26 09:14:43 INFO  org.example.ProxyRPC - Response received: Response{type=OK, data=null}
2025-06-26 09:14:43 INFO  org.example.ProxyRPC - Response received: Response{type=NEW_GAME, data=null}
2025-06-26 09:14:43 INFO  org.example.ProxyRPC - Sending request: GET_GAMES
2025-06-26 09:14:43 INFO  org.example.ProxyRPC - Request sent successfully
2025-06-26 09:14:44 INFO  org.example.ReflectionWorkerRPC - Request received: Request{type=GET_GAMES, data=null}
2025-06-26 09:14:44 INFO  org.example.ReflectionWorkerRPC - Handled request: GET_GAMES
2025-06-26 09:14:44 INFO  org.example.ProxyRPC - Response received: Response{type=OK, data=[org.example.DTO.GameDTO@7d7f65f4, org.example.DTO.GameDTO@1cd7ade8, org.example.DTO.GameDTO@3a47114d, org.example.DTO.GameDTO@1fdbd83c, org.example.DTO.GameDTO@190d5ef6]}
2025-06-26 09:14:47 INFO  org.example.ProxyRPC - Sending request: GET_CONFIG
2025-06-26 09:14:47 INFO  org.example.ProxyRPC - Request sent successfully
2025-06-26 09:14:47 INFO  org.example.ReflectionWorkerRPC - Request received: Request{type=GET_CONFIG, data=null}
2025-06-26 09:14:47 INFO  org.example.ServicesImplementation - Am ajuns aici config!
2025-06-26 09:14:47 INFO  org.example.ReflectionWorkerRPC - Handled request: GET_CONFIG
2025-06-26 09:14:47 INFO  org.example.ProxyRPC - Response received: Response{type=OK, data=org.example.DTO.ConfigurationDTO@389408d2}
2025-06-26 09:14:48 INFO  org.example.client.MainView - Value 2 = dingo
2025-06-26 09:14:50 INFO  org.example.client.MainView - Value 2 = cal
2025-06-26 09:14:52 INFO  org.example.client.MainView - Value 2 = dingo
2025-06-26 09:14:53 INFO  org.example.client.MainView - Value 2 = arici
2025-06-26 09:14:54 INFO  org.example.client.MainView - Value 2 = bursuc
2025-06-26 09:14:56 INFO  org.example.client.MainView - Value 2 = arici
2025-06-26 09:14:56 INFO  org.example.ProxyRPC - Sending request: SAVE_GAME
2025-06-26 09:14:56 INFO  org.example.ProxyRPC - Request sent successfully
2025-06-26 09:14:56 INFO  org.example.ReflectionWorkerRPC - Request received: Request{type=SAVE_GAME, data=org.example.DTO.GameDTO@4252959a}
2025-06-26 09:14:56 INFO  org.example.ServicesImplementation - Trimitem notificare la 1 clienti
2025-06-26 09:14:56 INFO  org.example.ReflectionWorkerRPC - Handled request: SAVE_GAME
2025-06-26 09:14:56 INFO  org.example.ReflectionWorkerRPC - Am trimis update!
2025-06-26 09:14:56 INFO  org.example.ProxyRPC - Response received: Response{type=OK, data=null}
2025-06-26 09:14:56 INFO  org.example.ProxyRPC - Response received: Response{type=NEW_GAME, data=null}
2025-06-26 09:14:56 INFO  org.example.ProxyRPC - Sending request: GET_GAMES
2025-06-26 09:14:56 INFO  org.example.ProxyRPC - Request sent successfully
2025-06-26 09:14:57 INFO  org.example.ReflectionWorkerRPC - Request received: Request{type=GET_GAMES, data=null}
2025-06-26 09:14:57 INFO  org.example.ReflectionWorkerRPC - Handled request: GET_GAMES
2025-06-26 09:14:57 INFO  org.example.ProxyRPC - Response received: Response{type=OK, data=[org.example.DTO.GameDTO@3adbbbf4, org.example.DTO.GameDTO@7b808eab, org.example.DTO.GameDTO@80985c3, org.example.DTO.GameDTO@1043de88, org.example.DTO.GameDTO@7720c36f, org.example.DTO.GameDTO@82aeef6]}
2025-06-26 09:15:14 ERROR org.example.ProxyRPC - PROXY: Error in reader thread: Connection reset
2025-06-26 09:15:17 INFO  org.example.StartServerRPC - Server started
2025-06-26 09:15:19 INFO  org.example.client.StartClientRPC - Client running on localhost:55556
2025-06-26 09:15:22 INFO  org.example.ProxyRPC - Connection initialized successfully
2025-06-26 09:15:22 INFO  org.example.ProxyRPC - Am intrat in login
2025-06-26 09:15:22 INFO  org.example.ProxyRPC - Sending request: LOGIN
2025-06-26 09:15:22 INFO  org.example.ReflectionWorkerRPC - Am fost creat la cererea clientului
2025-06-26 09:15:22 INFO  org.example.ProxyRPC - Request sent successfully
2025-06-26 09:15:22 INFO  org.example.ProxyRPC - Am trimis requestul de login
2025-06-26 09:15:22 INFO  org.example.ReflectionWorkerRPC - Request received: Request{type=LOGIN, data=PlayerDTO [id=0, name=a]}
2025-06-26 09:15:22 INFO  org.example.ReflectionWorkerRPC - Angajatul pe care l-am primit are datele a
2025-06-26 09:15:22 INFO  org.hibernate.Version - HHH000412: Hibernate ORM core version 6.4.4.Final
2025-06-26 09:15:22 INFO  org.hibernate.cfg.Environment - HHH000205: Loaded properties from resource hibernate.properties: {hibernate.format_sql=true, hibernate.hbm2ddl.auto=update, hibernate.highlight_sql=true, jakarta.persistence.jdbc.url=jdbc:mariadb://localhost:3306/jocmemoriempp, jakarta.persistence.jdbc.user=root, jakarta.persistence.jdbc.schema-generation.database.action=update, server.port=55556, hibernate.show_sql=true, jakarta.persistence.jdbc.password=}
2025-06-26 09:15:22 INFO  org.hibernate.cache.internal.RegionFactoryInitiator - HHH000026: Second-level cache disabled
2025-06-26 09:15:22 WARN  org.hibernate.orm.connections.pooling - HHH10001002: Using built-in connection pool (not intended for production use)
2025-06-26 09:15:22 INFO  org.hibernate.orm.connections.pooling - HHH10001005: Loaded JDBC driver class: org.mariadb.jdbc.Driver
2025-06-26 09:15:22 INFO  org.hibernate.orm.connections.pooling - HHH10001012: Connecting with JDBC URL [jdbc:mariadb://localhost:3306/jocmemoriempp]
2025-06-26 09:15:22 INFO  org.hibernate.orm.connections.pooling - HHH10001001: Connection properties: {password=****, user=root}
2025-06-26 09:15:22 INFO  org.hibernate.orm.connections.pooling - HHH10001003: Autocommit mode: false
2025-06-26 09:15:22 INFO  org.hibernate.orm.connections.pooling - HHH10001115: Connection pool size: 20 (min=1)
2025-06-26 09:15:23 INFO  org.hibernate.validator.internal.util.Version - HV000001: Hibernate Validator 8.0.0.Final
2025-06-26 09:15:24 INFO  org.hibernate.engine.transaction.jta.platform.internal.JtaPlatformInitiator - HHH000489: No JTA platform available (set 'hibernate.transaction.jta.platform' to enable JTA platform integration)
2025-06-26 09:15:24 INFO  org.hibernate.orm.connections.access - HHH10001501: Connection obtained from JdbcConnectionAccess [org.hibernate.engine.jdbc.env.internal.JdbcEnvironmentInitiator$ConnectionProviderJdbcConnectionAccess@288366f1] for (non-JTA) DDL execution was not in auto-commit mode; the Connection 'local transaction' will be committed and the Connection will be set into auto-commit mode.
2025-06-26 09:15:24 INFO  org.example.ReflectionWorkerRPC - Handled request: LOGIN
2025-06-26 09:15:24 INFO  org.example.ProxyRPC - Response received: Response{type=OK, data=PlayerDTO [id=1, name=a]}
2025-06-26 09:15:24 INFO  org.example.ProxyRPC - Sending request: GET_GAMES
2025-06-26 09:15:24 INFO  org.example.ProxyRPC - Request sent successfully
2025-06-26 09:15:25 INFO  org.example.ReflectionWorkerRPC - Request received: Request{type=GET_GAMES, data=null}
2025-06-26 09:15:25 INFO  org.example.ReflectionWorkerRPC - Handled request: GET_GAMES
2025-06-26 09:15:25 INFO  org.example.ProxyRPC - Response received: Response{type=OK, data=[org.example.DTO.GameDTO@2718c4fe, org.example.DTO.GameDTO@49ef324e, org.example.DTO.GameDTO@78976f2b, org.example.DTO.GameDTO@46d8d7b8, org.example.DTO.GameDTO@2786d4a9, org.example.DTO.GameDTO@174bef55]}
2025-06-26 09:15:25 INFO  org.example.ProxyRPC - Sending request: GET_CONFIG
2025-06-26 09:15:25 INFO  org.example.ProxyRPC - Request sent successfully
2025-06-26 09:15:26 INFO  org.example.ReflectionWorkerRPC - Request received: Request{type=GET_CONFIG, data=null}
2025-06-26 09:15:26 INFO  org.example.ServicesImplementation - Am ajuns aici config!
2025-06-26 09:15:26 INFO  org.example.ReflectionWorkerRPC - Handled request: GET_CONFIG
2025-06-26 09:15:26 INFO  org.example.ProxyRPC - Response received: Response{type=OK, data=org.example.DTO.ConfigurationDTO@26c7df65}
2025-06-26 09:15:38 INFO  org.example.client.StartClientRPC - Client running on localhost:55556
2025-06-26 09:15:41 INFO  org.example.ReflectionWorkerRPC - Am fost creat la cererea clientului
2025-06-26 09:15:41 INFO  org.example.ProxyRPC - Connection initialized successfully
2025-06-26 09:15:41 INFO  org.example.ProxyRPC - Am intrat in login
2025-06-26 09:15:41 INFO  org.example.ProxyRPC - Sending request: LOGIN
2025-06-26 09:15:41 INFO  org.example.ProxyRPC - Request sent successfully
2025-06-26 09:15:41 INFO  org.example.ProxyRPC - Am trimis requestul de login
2025-06-26 09:15:41 INFO  org.example.ReflectionWorkerRPC - Request received: Request{type=LOGIN, data=PlayerDTO [id=0, name=b]}
2025-06-26 09:15:41 INFO  org.example.ReflectionWorkerRPC - Angajatul pe care l-am primit are datele b
2025-06-26 09:15:41 INFO  org.example.ReflectionWorkerRPC - Handled request: LOGIN
2025-06-26 09:15:41 INFO  org.example.ProxyRPC - Response received: Response{type=OK, data=PlayerDTO [id=2, name=b]}
2025-06-26 09:15:41 INFO  org.example.ProxyRPC - Sending request: GET_GAMES
2025-06-26 09:15:41 INFO  org.example.ProxyRPC - Request sent successfully
2025-06-26 09:15:42 INFO  org.example.ReflectionWorkerRPC - Request received: Request{type=GET_GAMES, data=null}
2025-06-26 09:15:42 INFO  org.example.ReflectionWorkerRPC - Handled request: GET_GAMES
2025-06-26 09:15:42 INFO  org.example.ProxyRPC - Response received: Response{type=OK, data=[org.example.DTO.GameDTO@2718c4fe, org.example.DTO.GameDTO@49ef324e, org.example.DTO.GameDTO@78976f2b, org.example.DTO.GameDTO@46d8d7b8, org.example.DTO.GameDTO@2786d4a9, org.example.DTO.GameDTO@174bef55]}
2025-06-26 09:15:42 INFO  org.example.ProxyRPC - Sending request: GET_CONFIG
2025-06-26 09:15:42 INFO  org.example.ProxyRPC - Request sent successfully
2025-06-26 09:15:43 INFO  org.example.ReflectionWorkerRPC - Request received: Request{type=GET_CONFIG, data=null}
2025-06-26 09:15:43 INFO  org.example.ServicesImplementation - Am ajuns aici config!
2025-06-26 09:15:43 INFO  org.example.ReflectionWorkerRPC - Handled request: GET_CONFIG
2025-06-26 09:15:43 INFO  org.example.ProxyRPC - Response received: Response{type=OK, data=org.example.DTO.ConfigurationDTO@26c7df65}
2025-06-26 09:16:00 ERROR org.example.ProxyRPC - PROXY: Error in reader thread: Connection reset
2025-06-26 09:16:00 ERROR org.example.ProxyRPC - PROXY: Error in reader thread: Connection reset
2025-06-26 09:16:21 INFO  org.example.StartServerRPC - Server started
2025-06-26 09:16:30 INFO  org.example.client.StartClientRPC - Client running on localhost:55556
2025-06-26 09:16:34 INFO  org.example.ProxyRPC - Connection initialized successfully
2025-06-26 09:16:34 INFO  org.example.ProxyRPC - Am intrat in login
2025-06-26 09:16:34 INFO  org.example.ProxyRPC - Sending request: LOGIN
2025-06-26 09:16:34 INFO  org.example.ReflectionWorkerRPC - Am fost creat la cererea clientului
2025-06-26 09:16:34 INFO  org.example.ProxyRPC - Request sent successfully
2025-06-26 09:16:34 INFO  org.example.ProxyRPC - Am trimis requestul de login
2025-06-26 09:16:34 INFO  org.example.ReflectionWorkerRPC - Request received: Request{type=LOGIN, data=PlayerDTO [id=0, name=a]}
2025-06-26 09:16:34 INFO  org.example.ReflectionWorkerRPC - Angajatul pe care l-am primit are datele a
2025-06-26 09:16:34 INFO  org.hibernate.Version - HHH000412: Hibernate ORM core version 6.4.4.Final
2025-06-26 09:16:34 INFO  org.hibernate.cfg.Environment - HHH000205: Loaded properties from resource hibernate.properties: {hibernate.format_sql=true, hibernate.hbm2ddl.auto=update, hibernate.highlight_sql=true, jakarta.persistence.jdbc.url=jdbc:mariadb://localhost:3306/jocmemoriempp, jakarta.persistence.jdbc.user=root, jakarta.persistence.jdbc.schema-generation.database.action=update, server.port=55556, hibernate.show_sql=true, jakarta.persistence.jdbc.password=}
2025-06-26 09:16:34 INFO  org.hibernate.cache.internal.RegionFactoryInitiator - HHH000026: Second-level cache disabled
2025-06-26 09:16:34 WARN  org.hibernate.orm.connections.pooling - HHH10001002: Using built-in connection pool (not intended for production use)
2025-06-26 09:16:34 INFO  org.hibernate.orm.connections.pooling - HHH10001005: Loaded JDBC driver class: org.mariadb.jdbc.Driver
2025-06-26 09:16:34 INFO  org.hibernate.orm.connections.pooling - HHH10001012: Connecting with JDBC URL [jdbc:mariadb://localhost:3306/jocmemoriempp]
2025-06-26 09:16:34 INFO  org.hibernate.orm.connections.pooling - HHH10001001: Connection properties: {password=****, user=root}
2025-06-26 09:16:34 INFO  org.hibernate.orm.connections.pooling - HHH10001003: Autocommit mode: false
2025-06-26 09:16:34 INFO  org.hibernate.orm.connections.pooling - HHH10001115: Connection pool size: 20 (min=1)
2025-06-26 09:16:35 INFO  org.hibernate.validator.internal.util.Version - HV000001: Hibernate Validator 8.0.0.Final
2025-06-26 09:16:36 INFO  org.hibernate.engine.transaction.jta.platform.internal.JtaPlatformInitiator - HHH000489: No JTA platform available (set 'hibernate.transaction.jta.platform' to enable JTA platform integration)
2025-06-26 09:16:36 INFO  org.hibernate.orm.connections.access - HHH10001501: Connection obtained from JdbcConnectionAccess [org.hibernate.engine.jdbc.env.internal.JdbcEnvironmentInitiator$ConnectionProviderJdbcConnectionAccess@636706c6] for (non-JTA) DDL execution was not in auto-commit mode; the Connection 'local transaction' will be committed and the Connection will be set into auto-commit mode.
2025-06-26 09:16:36 INFO  org.example.ReflectionWorkerRPC - Handled request: LOGIN
2025-06-26 09:16:36 INFO  org.example.ProxyRPC - Response received: Response{type=OK, data=PlayerDTO [id=1, name=a]}
2025-06-26 09:16:36 INFO  org.example.ProxyRPC - Sending request: GET_GAMES
2025-06-26 09:16:36 INFO  org.example.ProxyRPC - Request sent successfully
2025-06-26 09:16:37 INFO  org.example.ReflectionWorkerRPC - Request received: Request{type=GET_GAMES, data=null}
2025-06-26 09:16:37 INFO  org.example.ReflectionWorkerRPC - Handled request: GET_GAMES
2025-06-26 09:16:37 INFO  org.example.ProxyRPC - Response received: Response{type=OK, data=[org.example.DTO.GameDTO@112a0f9a, org.example.DTO.GameDTO@19fd82d, org.example.DTO.GameDTO@5cc71113, org.example.DTO.GameDTO@56ae339b, org.example.DTO.GameDTO@17b9a00b, org.example.DTO.GameDTO@68185c61]}
2025-06-26 09:16:37 INFO  org.example.ProxyRPC - Sending request: GET_CONFIG
2025-06-26 09:16:37 INFO  org.example.ProxyRPC - Request sent successfully
2025-06-26 09:16:38 INFO  org.example.ReflectionWorkerRPC - Request received: Request{type=GET_CONFIG, data=null}
2025-06-26 09:16:38 INFO  org.example.ServicesImplementation - Am ajuns aici config!
2025-06-26 09:16:38 INFO  org.example.ReflectionWorkerRPC - Handled request: GET_CONFIG
2025-06-26 09:16:38 INFO  org.example.ProxyRPC - Response received: Response{type=OK, data=org.example.DTO.ConfigurationDTO@524f8209}
2025-06-26 09:16:42 INFO  org.example.ProxyRPC - Sending request: GET_CONFIG
2025-06-26 09:16:42 INFO  org.example.ProxyRPC - Request sent successfully
2025-06-26 09:16:42 INFO  org.example.ReflectionWorkerRPC - Request received: Request{type=GET_CONFIG, data=null}
2025-06-26 09:16:42 INFO  org.example.ServicesImplementation - Am ajuns aici config!
2025-06-26 09:16:42 INFO  org.example.ReflectionWorkerRPC - Handled request: GET_CONFIG
2025-06-26 09:16:42 INFO  org.example.ProxyRPC - Response received: Response{type=OK, data=org.example.DTO.ConfigurationDTO@b0f429a}
2025-06-26 09:16:43 INFO  org.example.client.MainView - Value 2 = bursuc
2025-06-26 09:16:45 INFO  org.example.client.MainView - Value 2 = arici
2025-06-26 09:16:47 INFO  org.example.client.MainView - Value 2 = cal
2025-06-26 09:16:49 INFO  org.example.client.MainView - Value 2 = dingo
2025-06-26 09:16:50 INFO  org.example.client.MainView - Value 2 = arici
2025-06-26 09:16:52 INFO  org.example.client.MainView - Value 2 = cal
2025-06-26 09:16:52 INFO  org.example.ProxyRPC - Sending request: SAVE_GAME
2025-06-26 09:16:52 INFO  org.example.ProxyRPC - Request sent successfully
2025-06-26 09:16:52 INFO  org.example.ReflectionWorkerRPC - Request received: Request{type=SAVE_GAME, data=org.example.DTO.GameDTO@5e2f223f}
2025-06-26 09:16:52 INFO  org.example.ServicesImplementation - Trimitem notificare la 1 clienti
2025-06-26 09:16:52 INFO  org.example.ReflectionWorkerRPC - Handled request: SAVE_GAME
2025-06-26 09:16:52 INFO  org.example.ProxyRPC - Response received: Response{type=OK, data=null}
2025-06-26 09:16:52 INFO  org.example.ProxyRPC - Response received: Response{type=NEW_GAME, data=null}
2025-06-26 09:16:52 INFO  org.example.ReflectionWorkerRPC - Am trimis update!
2025-06-26 09:16:52 INFO  org.example.ProxyRPC - Sending request: GET_GAMES
2025-06-26 09:16:52 INFO  org.example.ProxyRPC - Request sent successfully
2025-06-26 09:16:53 INFO  org.example.ReflectionWorkerRPC - Request received: Request{type=GET_GAMES, data=null}
2025-06-26 09:16:53 INFO  org.example.ReflectionWorkerRPC - Handled request: GET_GAMES
2025-06-26 09:16:53 INFO  org.example.ProxyRPC - Response received: Response{type=OK, data=[org.example.DTO.GameDTO@7de37f38, org.example.DTO.GameDTO@5392f547, org.example.DTO.GameDTO@2278663d, org.example.DTO.GameDTO@5fff2926, org.example.DTO.GameDTO@3903975e, org.example.DTO.GameDTO@7d7f65f4, org.example.DTO.GameDTO@1cd7ade8]}
2025-06-26 09:17:44 ERROR org.example.ProxyRPC - PROXY: Error in reader thread: Connection reset
2025-06-26 09:18:28 INFO  org.example.StartServerRPC - Server started
2025-06-26 09:18:38 INFO  org.example.client.StartClientRPC - Client running on localhost:55556
2025-06-26 09:18:40 INFO  org.example.ProxyRPC - Connection initialized successfully
2025-06-26 09:18:40 INFO  org.example.ProxyRPC - Am intrat in login
2025-06-26 09:18:40 INFO  org.example.ProxyRPC - Sending request: LOGIN
2025-06-26 09:18:40 INFO  org.example.ReflectionWorkerRPC - Am fost creat la cererea clientului
2025-06-26 09:18:40 INFO  org.example.ProxyRPC - Request sent successfully
2025-06-26 09:18:40 INFO  org.example.ProxyRPC - Am trimis requestul de login
2025-06-26 09:18:40 INFO  org.example.ReflectionWorkerRPC - Request received: Request{type=LOGIN, data=PlayerDTO [id=0, name=a]}
2025-06-26 09:18:40 INFO  org.example.ReflectionWorkerRPC - Angajatul pe care l-am primit are datele a
2025-06-26 09:18:40 INFO  org.hibernate.Version - HHH000412: Hibernate ORM core version 6.4.4.Final
2025-06-26 09:18:40 INFO  org.hibernate.cfg.Environment - HHH000205: Loaded properties from resource hibernate.properties: {hibernate.format_sql=true, hibernate.hbm2ddl.auto=update, hibernate.highlight_sql=true, jakarta.persistence.jdbc.url=jdbc:mariadb://localhost:3306/jocmemoriempp, jakarta.persistence.jdbc.user=root, jakarta.persistence.jdbc.schema-generation.database.action=update, server.port=55556, hibernate.show_sql=true, jakarta.persistence.jdbc.password=}
2025-06-26 09:18:41 INFO  org.hibernate.cache.internal.RegionFactoryInitiator - HHH000026: Second-level cache disabled
2025-06-26 09:18:41 WARN  org.hibernate.orm.connections.pooling - HHH10001002: Using built-in connection pool (not intended for production use)
2025-06-26 09:18:41 INFO  org.hibernate.orm.connections.pooling - HHH10001005: Loaded JDBC driver class: org.mariadb.jdbc.Driver
2025-06-26 09:18:41 INFO  org.hibernate.orm.connections.pooling - HHH10001012: Connecting with JDBC URL [jdbc:mariadb://localhost:3306/jocmemoriempp]
2025-06-26 09:18:41 INFO  org.hibernate.orm.connections.pooling - HHH10001001: Connection properties: {password=****, user=root}
2025-06-26 09:18:41 INFO  org.hibernate.orm.connections.pooling - HHH10001003: Autocommit mode: false
2025-06-26 09:18:41 INFO  org.hibernate.orm.connections.pooling - HHH10001115: Connection pool size: 20 (min=1)
2025-06-26 09:18:41 INFO  org.hibernate.validator.internal.util.Version - HV000001: Hibernate Validator 8.0.0.Final
2025-06-26 09:18:42 INFO  org.hibernate.engine.transaction.jta.platform.internal.JtaPlatformInitiator - HHH000489: No JTA platform available (set 'hibernate.transaction.jta.platform' to enable JTA platform integration)
2025-06-26 09:18:42 INFO  org.hibernate.orm.connections.access - HHH10001501: Connection obtained from JdbcConnectionAccess [org.hibernate.engine.jdbc.env.internal.JdbcEnvironmentInitiator$ConnectionProviderJdbcConnectionAccess@719eedba] for (non-JTA) DDL execution was not in auto-commit mode; the Connection 'local transaction' will be committed and the Connection will be set into auto-commit mode.
2025-06-26 09:18:42 INFO  org.example.ReflectionWorkerRPC - Handled request: LOGIN
2025-06-26 09:18:43 INFO  org.example.ProxyRPC - Response received: Response{type=OK, data=PlayerDTO [id=1, name=a]}
2025-06-26 09:18:43 INFO  org.example.ProxyRPC - Sending request: GET_GAMES
2025-06-26 09:18:43 INFO  org.example.ProxyRPC - Request sent successfully
2025-06-26 09:18:43 INFO  org.example.ReflectionWorkerRPC - Request received: Request{type=GET_GAMES, data=null}
2025-06-26 09:18:44 INFO  org.example.ReflectionWorkerRPC - Handled request: GET_GAMES
2025-06-26 09:18:44 INFO  org.example.ProxyRPC - Response received: Response{type=OK, data=[org.example.DTO.GameDTO@112a0f9a, org.example.DTO.GameDTO@19fd82d, org.example.DTO.GameDTO@5cc71113, org.example.DTO.GameDTO@56ae339b, org.example.DTO.GameDTO@17b9a00b, org.example.DTO.GameDTO@68185c61, org.example.DTO.GameDTO@c3397f8]}
2025-06-26 09:18:44 INFO  org.example.ProxyRPC - Sending request: GET_CONFIG
2025-06-26 09:18:44 INFO  org.example.ProxyRPC - Request sent successfully
2025-06-26 09:18:45 INFO  org.example.ReflectionWorkerRPC - Request received: Request{type=GET_CONFIG, data=null}
2025-06-26 09:18:45 INFO  org.example.ServicesImplementation - Am ajuns aici config!
2025-06-26 09:18:45 INFO  org.example.ReflectionWorkerRPC - Handled request: GET_CONFIG
2025-06-26 09:18:45 INFO  org.example.ProxyRPC - Response received: Response{type=OK, data=org.example.DTO.ConfigurationDTO@b0f429a}
2025-06-26 09:18:54 INFO  org.example.ProxyRPC - Sending request: GET_CONFIG
2025-06-26 09:18:54 INFO  org.example.ProxyRPC - Request sent successfully
2025-06-26 09:18:54 INFO  org.example.ReflectionWorkerRPC - Request received: Request{type=GET_CONFIG, data=null}
2025-06-26 09:18:54 INFO  org.example.ServicesImplementation - Am ajuns aici config!
2025-06-26 09:18:54 INFO  org.example.ReflectionWorkerRPC - Handled request: GET_CONFIG
2025-06-26 09:18:54 INFO  org.example.ProxyRPC - Response received: Response{type=OK, data=org.example.DTO.ConfigurationDTO@75b11965}
2025-06-26 09:18:56 INFO  org.example.client.MainView - Value 2 = b
2025-06-26 09:18:58 INFO  org.example.client.MainView - Value 2 = a
2025-06-26 09:18:59 INFO  org.example.client.MainView - Value 2 = b
2025-06-26 09:19:01 INFO  org.example.client.MainView - Value 2 = b
2025-06-26 09:19:03 INFO  org.example.client.MainView - Value 2 = n
2025-06-26 09:19:09 INFO  org.example.client.MainView - Value 2 = b
2025-06-26 09:19:09 INFO  org.example.ProxyRPC - Sending request: SAVE_GAME
2025-06-26 09:19:09 INFO  org.example.ProxyRPC - Request sent successfully
2025-06-26 09:19:09 INFO  org.example.ReflectionWorkerRPC - Request received: Request{type=SAVE_GAME, data=org.example.DTO.GameDTO@23056375}
2025-06-26 09:19:09 INFO  org.example.ServicesImplementation - Trimitem notificare la 1 clienti
2025-06-26 09:19:09 INFO  org.example.ReflectionWorkerRPC - Handled request: SAVE_GAME
2025-06-26 09:19:09 INFO  org.example.ProxyRPC - Response received: Response{type=NEW_GAME, data=null}
2025-06-26 09:19:09 INFO  org.example.ReflectionWorkerRPC - Am trimis update!
2025-06-26 09:19:09 INFO  org.example.ProxyRPC - Response received: Response{type=OK, data=null}
2025-06-26 09:19:09 INFO  org.example.ProxyRPC - Sending request: GET_GAMES
2025-06-26 09:19:09 INFO  org.example.ProxyRPC - Request sent successfully
2025-06-26 09:19:10 INFO  org.example.ReflectionWorkerRPC - Request received: Request{type=GET_GAMES, data=null}
2025-06-26 09:19:10 INFO  org.example.ReflectionWorkerRPC - Handled request: GET_GAMES
2025-06-26 09:19:10 INFO  org.example.ProxyRPC - Response received: Response{type=OK, data=[org.example.DTO.GameDTO@5392f547, org.example.DTO.GameDTO@2278663d, org.example.DTO.GameDTO@5fff2926, org.example.DTO.GameDTO@3903975e, org.example.DTO.GameDTO@7d7f65f4, org.example.DTO.GameDTO@1cd7ade8, org.example.DTO.GameDTO@3a47114d, org.example.DTO.GameDTO@1fdbd83c]}
2025-06-26 09:19:57 ERROR org.example.ProxyRPC - PROXY: Error in reader thread: Connection reset
2025-06-26 09:20:00 INFO  org.example.StartServerRPC - Server started
2025-06-26 09:20:02 INFO  org.example.client.StartClientRPC - Client running on localhost:55556
2025-06-26 09:20:05 INFO  org.example.ProxyRPC - Connection initialized successfully
2025-06-26 09:20:05 INFO  org.example.ProxyRPC - Am intrat in login
2025-06-26 09:20:05 INFO  org.example.ProxyRPC - Sending request: LOGIN
2025-06-26 09:20:05 INFO  org.example.ReflectionWorkerRPC - Am fost creat la cererea clientului
2025-06-26 09:20:05 INFO  org.example.ProxyRPC - Request sent successfully
2025-06-26 09:20:05 INFO  org.example.ProxyRPC - Am trimis requestul de login
2025-06-26 09:20:05 INFO  org.example.ReflectionWorkerRPC - Request received: Request{type=LOGIN, data=PlayerDTO [id=0, name=a]}
2025-06-26 09:20:05 INFO  org.example.ReflectionWorkerRPC - Angajatul pe care l-am primit are datele a
2025-06-26 09:20:05 INFO  org.hibernate.Version - HHH000412: Hibernate ORM core version 6.4.4.Final
2025-06-26 09:20:05 INFO  org.hibernate.cfg.Environment - HHH000205: Loaded properties from resource hibernate.properties: {hibernate.format_sql=true, hibernate.hbm2ddl.auto=update, hibernate.highlight_sql=true, jakarta.persistence.jdbc.url=jdbc:mariadb://localhost:3306/jocmemoriempp, jakarta.persistence.jdbc.user=root, jakarta.persistence.jdbc.schema-generation.database.action=update, server.port=55556, hibernate.show_sql=true, jakarta.persistence.jdbc.password=}
2025-06-26 09:20:05 INFO  org.hibernate.cache.internal.RegionFactoryInitiator - HHH000026: Second-level cache disabled
2025-06-26 09:20:05 WARN  org.hibernate.orm.connections.pooling - HHH10001002: Using built-in connection pool (not intended for production use)
2025-06-26 09:20:05 INFO  org.hibernate.orm.connections.pooling - HHH10001005: Loaded JDBC driver class: org.mariadb.jdbc.Driver
2025-06-26 09:20:05 INFO  org.hibernate.orm.connections.pooling - HHH10001012: Connecting with JDBC URL [jdbc:mariadb://localhost:3306/jocmemoriempp]
2025-06-26 09:20:05 INFO  org.hibernate.orm.connections.pooling - HHH10001001: Connection properties: {password=****, user=root}
2025-06-26 09:20:05 INFO  org.hibernate.orm.connections.pooling - HHH10001003: Autocommit mode: false
2025-06-26 09:20:05 INFO  org.hibernate.orm.connections.pooling - HHH10001115: Connection pool size: 20 (min=1)
2025-06-26 09:20:06 INFO  org.hibernate.validator.internal.util.Version - HV000001: Hibernate Validator 8.0.0.Final
2025-06-26 09:20:07 INFO  org.hibernate.engine.transaction.jta.platform.internal.JtaPlatformInitiator - HHH000489: No JTA platform available (set 'hibernate.transaction.jta.platform' to enable JTA platform integration)
2025-06-26 09:20:07 INFO  org.hibernate.orm.connections.access - HHH10001501: Connection obtained from JdbcConnectionAccess [org.hibernate.engine.jdbc.env.internal.JdbcEnvironmentInitiator$ConnectionProviderJdbcConnectionAccess@719eedba] for (non-JTA) DDL execution was not in auto-commit mode; the Connection 'local transaction' will be committed and the Connection will be set into auto-commit mode.
2025-06-26 09:20:08 INFO  org.example.ReflectionWorkerRPC - Handled request: LOGIN
2025-06-26 09:20:08 INFO  org.example.ProxyRPC - Response received: Response{type=OK, data=PlayerDTO [id=1, name=a]}
2025-06-26 09:20:08 INFO  org.example.ProxyRPC - Sending request: GET_GAMES
2025-06-26 09:20:08 INFO  org.example.ProxyRPC - Request sent successfully
2025-06-26 09:20:09 INFO  org.example.ReflectionWorkerRPC - Request received: Request{type=GET_GAMES, data=null}
2025-06-26 09:20:09 INFO  org.example.ReflectionWorkerRPC - Handled request: GET_GAMES
2025-06-26 09:20:09 INFO  org.example.ProxyRPC - Response received: Response{type=OK, data=[org.example.DTO.GameDTO@4571f91, org.example.DTO.GameDTO@30a6dd57, org.example.DTO.GameDTO@40bd6b13, org.example.DTO.GameDTO@14912c59, org.example.DTO.GameDTO@280602cd, org.example.DTO.GameDTO@2e4c3eff, org.example.DTO.GameDTO@5023dd6, org.example.DTO.GameDTO@18ec2acb]}
2025-06-26 09:20:09 INFO  org.example.ProxyRPC - Sending request: GET_CONFIG
2025-06-26 09:20:09 INFO  org.example.ProxyRPC - Request sent successfully
2025-06-26 09:20:10 INFO  org.example.ReflectionWorkerRPC - Request received: Request{type=GET_CONFIG, data=null}
2025-06-26 09:20:10 INFO  org.example.ServicesImplementation - Am ajuns aici config!
2025-06-26 09:20:10 INFO  org.example.ReflectionWorkerRPC - Handled request: GET_CONFIG
2025-06-26 09:20:10 INFO  org.example.ProxyRPC - Response received: Response{type=OK, data=org.example.DTO.ConfigurationDTO@4e5a5982}
2025-06-26 09:20:11 INFO  org.example.ProxyRPC - Sending request: GET_CONFIG
2025-06-26 09:20:11 INFO  org.example.ProxyRPC - Request sent successfully
2025-06-26 09:20:11 INFO  org.example.ReflectionWorkerRPC - Request received: Request{type=GET_CONFIG, data=null}
2025-06-26 09:20:11 INFO  org.example.ServicesImplementation - Am ajuns aici config!
2025-06-26 09:20:11 INFO  org.example.ReflectionWorkerRPC - Handled request: GET_CONFIG
2025-06-26 09:20:11 INFO  org.example.ProxyRPC - Response received: Response{type=OK, data=org.example.DTO.ConfigurationDTO@571cb10a}
2025-06-26 09:20:13 INFO  org.example.client.MainView - Value 2 = a
2025-06-26 09:20:15 INFO  org.example.client.MainView - Value 2 = b
2025-06-26 09:20:17 INFO  org.example.client.MainView - Value 2 = a
2025-06-26 09:20:18 INFO  org.example.client.MainView - Value 2 = n
2025-06-26 09:20:20 INFO  org.example.client.MainView - Value 2 = m
2025-06-26 09:20:22 INFO  org.example.client.MainView - Value 2 = m
2025-06-26 09:20:22 INFO  org.example.ProxyRPC - Sending request: SAVE_GAME
2025-06-26 09:20:22 INFO  org.example.ProxyRPC - Request sent successfully
2025-06-26 09:20:22 INFO  org.example.ReflectionWorkerRPC - Request received: Request{type=SAVE_GAME, data=org.example.DTO.GameDTO@56b17a06}
2025-06-26 09:20:22 INFO  org.example.ServicesImplementation - Trimitem notificare la 1 clienti
2025-06-26 09:20:22 INFO  org.example.ReflectionWorkerRPC - Handled request: SAVE_GAME
2025-06-26 09:20:22 INFO  org.example.ReflectionWorkerRPC - Am trimis update!
2025-06-26 09:20:22 INFO  org.example.ProxyRPC - Response received: Response{type=NEW_GAME, data=null}
2025-06-26 09:20:22 INFO  org.example.ProxyRPC - Response received: Response{type=OK, data=null}
2025-06-26 09:20:22 INFO  org.example.ProxyRPC - Sending request: GET_GAMES
2025-06-26 09:20:22 INFO  org.example.ProxyRPC - Request sent successfully
2025-06-26 09:20:23 INFO  org.example.ReflectionWorkerRPC - Request received: Request{type=GET_GAMES, data=null}
2025-06-26 09:20:23 INFO  org.example.ReflectionWorkerRPC - Handled request: GET_GAMES
2025-06-26 09:20:23 INFO  org.example.ProxyRPC - Response received: Response{type=OK, data=[org.example.DTO.GameDTO@1c0dbc62, org.example.DTO.GameDTO@76028, org.example.DTO.GameDTO@322105c3, org.example.DTO.GameDTO@18cfcb06, org.example.DTO.GameDTO@69508ad1, org.example.DTO.GameDTO@52eda1f3, org.example.DTO.GameDTO@68d8a970, org.example.DTO.GameDTO@e29d896, org.example.DTO.GameDTO@63c2cd80]}
2025-06-26 09:20:31 ERROR org.example.ProxyRPC - PROXY: Error in reader thread: Connection reset
2025-06-26 09:23:15 INFO  org.example.StartServerRPC - Server started
2025-06-26 09:23:25 INFO  org.example.client.StartClientRPC - Client running on localhost:55556
2025-06-26 09:23:31 INFO  org.example.ProxyRPC - Connection initialized successfully
2025-06-26 09:23:31 INFO  org.example.ProxyRPC - Am intrat in login
2025-06-26 09:23:31 INFO  org.example.ProxyRPC - Sending request: LOGIN
2025-06-26 09:23:31 INFO  org.example.ReflectionWorkerRPC - Am fost creat la cererea clientului
2025-06-26 09:23:31 INFO  org.example.ProxyRPC - Request sent successfully
2025-06-26 09:23:31 INFO  org.example.ProxyRPC - Am trimis requestul de login
2025-06-26 09:23:31 INFO  org.example.ReflectionWorkerRPC - Request received: Request{type=LOGIN, data=PlayerDTO [id=0, name=a]}
2025-06-26 09:23:31 INFO  org.example.ReflectionWorkerRPC - Angajatul pe care l-am primit are datele a
2025-06-26 09:23:31 INFO  org.hibernate.Version - HHH000412: Hibernate ORM core version 6.4.4.Final
2025-06-26 09:23:31 INFO  org.hibernate.cfg.Environment - HHH000205: Loaded properties from resource hibernate.properties: {hibernate.format_sql=true, hibernate.hbm2ddl.auto=update, hibernate.highlight_sql=true, jakarta.persistence.jdbc.url=jdbc:mariadb://localhost:3306/jocmemoriempp, jakarta.persistence.jdbc.user=root, jakarta.persistence.jdbc.schema-generation.database.action=update, server.port=55556, hibernate.show_sql=true, jakarta.persistence.jdbc.password=}
2025-06-26 09:23:31 INFO  org.hibernate.cache.internal.RegionFactoryInitiator - HHH000026: Second-level cache disabled
2025-06-26 09:23:31 WARN  org.hibernate.orm.connections.pooling - HHH10001002: Using built-in connection pool (not intended for production use)
2025-06-26 09:23:31 INFO  org.hibernate.orm.connections.pooling - HHH10001005: Loaded JDBC driver class: org.mariadb.jdbc.Driver
2025-06-26 09:23:31 INFO  org.hibernate.orm.connections.pooling - HHH10001012: Connecting with JDBC URL [jdbc:mariadb://localhost:3306/jocmemoriempp]
2025-06-26 09:23:31 INFO  org.hibernate.orm.connections.pooling - HHH10001001: Connection properties: {password=****, user=root}
2025-06-26 09:23:31 INFO  org.hibernate.orm.connections.pooling - HHH10001003: Autocommit mode: false
2025-06-26 09:23:31 INFO  org.hibernate.orm.connections.pooling - HHH10001115: Connection pool size: 20 (min=1)
2025-06-26 09:23:32 INFO  org.hibernate.validator.internal.util.Version - HV000001: Hibernate Validator 8.0.0.Final
2025-06-26 09:23:33 INFO  org.hibernate.engine.transaction.jta.platform.internal.JtaPlatformInitiator - HHH000489: No JTA platform available (set 'hibernate.transaction.jta.platform' to enable JTA platform integration)
2025-06-26 09:23:33 INFO  org.hibernate.orm.connections.access - HHH10001501: Connection obtained from JdbcConnectionAccess [org.hibernate.engine.jdbc.env.internal.JdbcEnvironmentInitiator$ConnectionProviderJdbcConnectionAccess@719eedba] for (non-JTA) DDL execution was not in auto-commit mode; the Connection 'local transaction' will be committed and the Connection will be set into auto-commit mode.
2025-06-26 09:23:33 INFO  org.example.ReflectionWorkerRPC - Handled request: LOGIN
2025-06-26 09:23:33 INFO  org.example.ProxyRPC - Response received: Response{type=OK, data=PlayerDTO [id=1, name=a]}
2025-06-26 09:23:33 INFO  org.example.ProxyRPC - Sending request: GET_GAMES
2025-06-26 09:23:33 INFO  org.example.ProxyRPC - Request sent successfully
2025-06-26 09:23:34 INFO  org.example.ReflectionWorkerRPC - Request received: Request{type=GET_GAMES, data=null}
2025-06-26 09:23:34 INFO  org.example.ReflectionWorkerRPC - Handled request: GET_GAMES
2025-06-26 09:23:34 INFO  org.example.ProxyRPC - Response received: Response{type=OK, data=[org.example.DTO.GameDTO@7508bbc9, org.example.DTO.GameDTO@d72c05a, org.example.DTO.GameDTO@401a5f6d, org.example.DTO.GameDTO@59684fef, org.example.DTO.GameDTO@698e61f8, org.example.DTO.GameDTO@72e50c83, org.example.DTO.GameDTO@6096d485, org.example.DTO.GameDTO@7b9ae84f, org.example.DTO.GameDTO@6101d765]}
2025-06-26 09:23:34 INFO  org.example.ProxyRPC - Sending request: GET_CONFIG
2025-06-26 09:23:34 INFO  org.example.ProxyRPC - Request sent successfully
2025-06-26 09:23:35 INFO  org.example.ReflectionWorkerRPC - Request received: Request{type=GET_CONFIG, data=null}
2025-06-26 09:23:35 INFO  org.example.ServicesImplementation - Am ajuns aici config!
2025-06-26 09:23:35 INFO  org.example.ReflectionWorkerRPC - Handled request: GET_CONFIG
2025-06-26 09:23:35 INFO  org.example.ProxyRPC - Response received: Response{type=OK, data=org.example.DTO.ConfigurationDTO@5ec3e7e8}
2025-06-26 09:23:37 INFO  org.example.ProxyRPC - Sending request: GET_CONFIG
2025-06-26 09:23:37 INFO  org.example.ProxyRPC - Request sent successfully
2025-06-26 09:23:37 INFO  org.example.ReflectionWorkerRPC - Request received: Request{type=GET_CONFIG, data=null}
2025-06-26 09:23:37 INFO  org.example.ServicesImplementation - Am ajuns aici config!
2025-06-26 09:23:37 INFO  org.example.ReflectionWorkerRPC - Handled request: GET_CONFIG
2025-06-26 09:23:37 INFO  org.example.ProxyRPC - Response received: Response{type=OK, data=org.example.DTO.ConfigurationDTO@498b219a}
2025-06-26 09:23:39 INFO  org.example.client.MainView - Value 2 = dingo
2025-06-26 09:23:41 INFO  org.example.client.MainView - Value 2 = dingo
2025-06-26 09:23:43 INFO  org.example.client.MainView - Value 2 = cal
2025-06-26 09:23:44 INFO  org.example.client.MainView - Value 2 = dingo
2025-06-26 09:23:47 INFO  org.example.client.MainView - Value 2 = cal
2025-06-26 09:23:49 INFO  org.example.client.MainView - Value 2 = arici
2025-06-26 09:23:49 INFO  org.example.ProxyRPC - Sending request: SAVE_GAME
2025-06-26 09:23:49 INFO  org.example.ProxyRPC - Request sent successfully
2025-06-26 09:23:49 INFO  org.example.ReflectionWorkerRPC - Request received: Request{type=SAVE_GAME, data=org.example.DTO.GameDTO@2279c506}
2025-06-26 09:23:49 INFO  org.example.ServicesImplementation - Trimitem notificare la 1 clienti
2025-06-26 09:23:49 INFO  org.example.ReflectionWorkerRPC - Handled request: SAVE_GAME
2025-06-26 09:23:49 INFO  org.example.ProxyRPC - Response received: Response{type=OK, data=null}
2025-06-26 09:23:49 INFO  org.example.ProxyRPC - Response received: Response{type=NEW_GAME, data=null}
2025-06-26 09:23:49 INFO  org.example.ReflectionWorkerRPC - Am trimis update!
2025-06-26 09:23:49 INFO  org.example.ProxyRPC - Sending request: GET_GAMES
2025-06-26 09:23:49 INFO  org.example.ProxyRPC - Request sent successfully
2025-06-26 09:23:50 INFO  org.example.ReflectionWorkerRPC - Request received: Request{type=GET_GAMES, data=null}
2025-06-26 09:23:50 INFO  org.example.ReflectionWorkerRPC - Handled request: GET_GAMES
2025-06-26 09:23:50 INFO  org.example.ProxyRPC - Response received: Response{type=OK, data=[org.example.DTO.GameDTO@fb65f0c, org.example.DTO.GameDTO@4e0b15b5, org.example.DTO.GameDTO@5e1c7a1f, org.example.DTO.GameDTO@318e3c9b, org.example.DTO.GameDTO@cfd5b99, org.example.DTO.GameDTO@1acd510e, org.example.DTO.GameDTO@27bc1cca, org.example.DTO.GameDTO@67168642, org.example.DTO.GameDTO@15138aa, org.example.DTO.GameDTO@71645caf]}
2025-06-26 09:24:32 ERROR org.example.ProxyRPC - PROXY: Error in reader thread: Connection reset
2025-06-26 09:30:29 INFO  org.example.StartServerRPC - Server started
2025-06-26 09:30:43 INFO  org.example.client.StartClientRPC - Client running on localhost:55556
2025-06-26 09:30:57 INFO  org.example.client.StartClientRPC - Client running on localhost:55556
2025-06-26 09:39:16 INFO  org.example.StartServerRPC - Server started
2025-06-26 09:39:40 INFO  org.example.client.StartClientRPC - Client running on localhost:55556
2025-06-26 09:40:02 INFO  org.example.client.StartClientRPC - Client running on localhost:55556
2025-06-26 09:45:57 INFO  org.example.ProxyRPC - Connection initialized successfully
2025-06-26 09:45:57 INFO  org.example.ProxyRPC - Am intrat in login
2025-06-26 09:45:57 INFO  org.example.ProxyRPC - Sending request: LOGIN
2025-06-26 09:45:57 INFO  org.example.ReflectionWorkerRPC - Am fost creat la cererea clientului
2025-06-26 09:45:57 INFO  org.example.ProxyRPC - Request sent successfully
2025-06-26 09:45:57 INFO  org.example.ProxyRPC - Am trimis requestul de login
2025-06-26 09:45:57 INFO  org.example.ReflectionWorkerRPC - Request received: Request{type=LOGIN, data=PlayerDTO [id=0, name=a]}
2025-06-26 09:45:57 INFO  org.example.ReflectionWorkerRPC - Angajatul pe care l-am primit are datele a
2025-06-26 09:45:57 INFO  org.hibernate.Version - HHH000412: Hibernate ORM core version 6.4.4.Final
2025-06-26 09:45:57 INFO  org.hibernate.cfg.Environment - HHH000205: Loaded properties from resource hibernate.properties: {hibernate.format_sql=true, hibernate.hbm2ddl.auto=update, hibernate.highlight_sql=true, jakarta.persistence.jdbc.url=jdbc:mariadb://localhost:3306/jocmemoriempp, jakarta.persistence.jdbc.user=root, jakarta.persistence.jdbc.schema-generation.database.action=update, server.port=55556, hibernate.show_sql=true, jakarta.persistence.jdbc.password=}
2025-06-26 09:45:57 INFO  org.hibernate.cache.internal.RegionFactoryInitiator - HHH000026: Second-level cache disabled
2025-06-26 09:45:58 WARN  org.hibernate.orm.connections.pooling - HHH10001002: Using built-in connection pool (not intended for production use)
2025-06-26 09:45:58 INFO  org.hibernate.orm.connections.pooling - HHH10001005: Loaded JDBC driver class: org.mariadb.jdbc.Driver
2025-06-26 09:45:58 INFO  org.hibernate.orm.connections.pooling - HHH10001012: Connecting with JDBC URL [jdbc:mariadb://localhost:3306/jocmemoriempp]
2025-06-26 09:45:58 INFO  org.hibernate.orm.connections.pooling - HHH10001001: Connection properties: {password=****, user=root}
2025-06-26 09:45:58 INFO  org.hibernate.orm.connections.pooling - HHH10001003: Autocommit mode: false
2025-06-26 09:45:58 INFO  org.hibernate.orm.connections.pooling - HHH10001115: Connection pool size: 20 (min=1)
2025-06-26 09:45:59 INFO  org.hibernate.validator.internal.util.Version - HV000001: Hibernate Validator 8.0.0.Final
2025-06-26 09:46:00 INFO  org.hibernate.engine.transaction.jta.platform.internal.JtaPlatformInitiator - HHH000489: No JTA platform available (set 'hibernate.transaction.jta.platform' to enable JTA platform integration)
2025-06-26 09:46:00 INFO  org.hibernate.orm.connections.access - HHH10001501: Connection obtained from JdbcConnectionAccess [org.hibernate.engine.jdbc.env.internal.JdbcEnvironmentInitiator$ConnectionProviderJdbcConnectionAccess@4132db98] for (non-JTA) DDL execution was not in auto-commit mode; the Connection 'local transaction' will be committed and the Connection will be set into auto-commit mode.
2025-06-26 09:46:01 INFO  org.example.ReflectionWorkerRPC - Handled request: LOGIN
2025-06-26 09:46:01 INFO  org.example.ProxyRPC - Response received: Response{type=OK, data=PlayerDTO [id=1, name=a]}
2025-06-26 09:46:01 INFO  org.example.ProxyRPC - Sending request: GET_GAMES
2025-06-26 09:46:01 INFO  org.example.ProxyRPC - Request sent successfully
2025-06-26 09:46:02 INFO  org.example.ReflectionWorkerRPC - Request received: Request{type=GET_GAMES, data=null}
2025-06-26 09:46:02 INFO  org.example.ReflectionWorkerRPC - Handled request: GET_GAMES
2025-06-26 09:46:02 INFO  org.example.ProxyRPC - Response received: Response{type=OK, data=[org.example.DTO.GameDTO@5b8989e5, org.example.DTO.GameDTO@37d3f176, org.example.DTO.GameDTO@15923abe, org.example.DTO.GameDTO@534bf235, org.example.DTO.GameDTO@441a9f18, org.example.DTO.GameDTO@6cea9eac, org.example.DTO.GameDTO@68291e45, org.example.DTO.GameDTO@64ff832f, org.example.DTO.GameDTO@740d22f7, org.example.DTO.GameDTO@4c2add24]}
2025-06-26 09:46:02 INFO  org.example.ProxyRPC - Sending request: GET_CONFIG
2025-06-26 09:46:02 INFO  org.example.ProxyRPC - Request sent successfully
2025-06-26 09:46:03 INFO  org.example.ReflectionWorkerRPC - Request received: Request{type=GET_CONFIG, data=null}
2025-06-26 09:46:03 INFO  org.example.ServicesImplementation - Am ajuns aici config!
2025-06-26 09:46:03 INFO  org.example.ReflectionWorkerRPC - Handled request: GET_CONFIG
2025-06-26 09:46:03 INFO  org.example.ProxyRPC - Response received: Response{type=OK, data=org.example.DTO.ConfigurationDTO@1be51489}
2025-06-26 09:46:07 INFO  org.example.ReflectionWorkerRPC - Am fost creat la cererea clientului
2025-06-26 09:46:07 INFO  org.example.ProxyRPC - Connection initialized successfully
2025-06-26 09:46:07 INFO  org.example.ProxyRPC - Am intrat in login
2025-06-26 09:46:07 INFO  org.example.ProxyRPC - Sending request: LOGIN
2025-06-26 09:46:07 INFO  org.example.ProxyRPC - Request sent successfully
2025-06-26 09:46:07 INFO  org.example.ProxyRPC - Am trimis requestul de login
2025-06-26 09:46:07 INFO  org.example.ReflectionWorkerRPC - Request received: Request{type=LOGIN, data=PlayerDTO [id=0, name=b]}
2025-06-26 09:46:07 INFO  org.example.ReflectionWorkerRPC - Angajatul pe care l-am primit are datele b
2025-06-26 09:46:07 INFO  org.example.ReflectionWorkerRPC - Handled request: LOGIN
2025-06-26 09:46:07 INFO  org.example.ProxyRPC - Response received: Response{type=OK, data=PlayerDTO [id=2, name=b]}
2025-06-26 09:46:07 INFO  org.example.ProxyRPC - Sending request: GET_GAMES
2025-06-26 09:46:07 INFO  org.example.ProxyRPC - Request sent successfully
2025-06-26 09:46:08 INFO  org.example.ReflectionWorkerRPC - Request received: Request{type=GET_GAMES, data=null}
2025-06-26 09:46:08 INFO  org.example.ReflectionWorkerRPC - Handled request: GET_GAMES
2025-06-26 09:46:08 INFO  org.example.ProxyRPC - Response received: Response{type=OK, data=[org.example.DTO.GameDTO@70badb64, org.example.DTO.GameDTO@5b8cd4ea, org.example.DTO.GameDTO@4abff554, org.example.DTO.GameDTO@65f45199, org.example.DTO.GameDTO@43b3d7b8, org.example.DTO.GameDTO@7ea560a0, org.example.DTO.GameDTO@4b053f75, org.example.DTO.GameDTO@c3ad715, org.example.DTO.GameDTO@5169cf3d, org.example.DTO.GameDTO@41c05d0]}
2025-06-26 09:46:08 INFO  org.example.ProxyRPC - Sending request: GET_CONFIG
2025-06-26 09:46:08 INFO  org.example.ProxyRPC - Request sent successfully
2025-06-26 09:46:09 INFO  org.example.ReflectionWorkerRPC - Request received: Request{type=GET_CONFIG, data=null}
2025-06-26 09:46:09 INFO  org.example.ServicesImplementation - Am ajuns aici config!
2025-06-26 09:46:09 INFO  org.example.ReflectionWorkerRPC - Handled request: GET_CONFIG
2025-06-26 09:46:09 INFO  org.example.ProxyRPC - Response received: Response{type=OK, data=org.example.DTO.ConfigurationDTO@5ac9669e}
2025-06-26 09:46:13 INFO  org.example.ProxyRPC - Sending request: GET_CONFIG
2025-06-26 09:46:13 INFO  org.example.ProxyRPC - Request sent successfully
2025-06-26 09:46:13 INFO  org.example.ReflectionWorkerRPC - Request received: Request{type=GET_CONFIG, data=null}
2025-06-26 09:46:13 INFO  org.example.ServicesImplementation - Am ajuns aici config!
2025-06-26 09:46:13 INFO  org.example.ReflectionWorkerRPC - Handled request: GET_CONFIG
2025-06-26 09:46:13 INFO  org.example.ProxyRPC - Response received: Response{type=OK, data=org.example.DTO.ConfigurationDTO@37da8396}
2025-06-26 09:46:15 INFO  org.example.client.MainView - Value 2 = cal
2025-06-26 09:46:18 INFO  org.example.client.MainView - Value 2 = dingo
2025-06-26 09:46:23 INFO  org.example.client.MainView - Value 2 = arici
2025-06-26 09:46:25 INFO  org.example.client.MainView - Value 2 = arici
2025-06-26 09:46:27 INFO  org.example.client.MainView - Value 2 = bursuc
2025-06-26 09:46:29 INFO  org.example.client.MainView - Value 2 = bursuc
2025-06-26 09:46:29 INFO  org.example.ProxyRPC - Sending request: SAVE_GAME
2025-06-26 09:46:29 INFO  org.example.ProxyRPC - Request sent successfully
2025-06-26 09:46:29 INFO  org.example.ReflectionWorkerRPC - Request received: Request{type=SAVE_GAME, data=org.example.DTO.GameDTO@5f0ca47a}
2025-06-26 09:46:29 INFO  org.example.ServicesImplementation - Trimitem notificare la 2 clienti
2025-06-26 09:46:29 INFO  org.example.ReflectionWorkerRPC - Handled request: SAVE_GAME
2025-06-26 09:46:29 INFO  org.example.ProxyRPC - Response received: Response{type=OK, data=null}
2025-06-26 09:46:29 INFO  org.example.ProxyRPC - Response received: Response{type=NEW_GAME, data=null}
2025-06-26 09:46:29 INFO  org.example.ReflectionWorkerRPC - Am trimis update!
2025-06-26 09:46:29 INFO  org.example.ProxyRPC - Response received: Response{type=NEW_GAME, data=null}
2025-06-26 09:46:29 INFO  org.example.ReflectionWorkerRPC - Am trimis update!
2025-06-26 09:46:29 INFO  org.example.ProxyRPC - Sending request: GET_GAMES
2025-06-26 09:46:29 INFO  org.example.ProxyRPC - Request sent successfully
2025-06-26 09:46:29 INFO  org.example.ReflectionWorkerRPC - Request received: Request{type=GET_GAMES, data=null}
2025-06-26 09:46:29 INFO  org.example.ProxyRPC - Sending request: GET_GAMES
2025-06-26 09:46:29 INFO  org.example.ProxyRPC - Request sent successfully
2025-06-26 09:46:29 INFO  org.example.ReflectionWorkerRPC - Handled request: GET_GAMES
2025-06-26 09:46:29 INFO  org.example.ProxyRPC - Response received: Response{type=OK, data=[org.example.DTO.GameDTO@bd771be, org.example.DTO.GameDTO@25405ed3, org.example.DTO.GameDTO@34ac3173, org.example.DTO.GameDTO@11b82dfd, org.example.DTO.GameDTO@21d2e4f5, org.example.DTO.GameDTO@64380da, org.example.DTO.GameDTO@53311ec8, org.example.DTO.GameDTO@3b61696, org.example.DTO.GameDTO@3575bf59, org.example.DTO.GameDTO@2faabc7d, org.example.DTO.GameDTO@7436201e]}
2025-06-26 09:46:30 INFO  org.example.ReflectionWorkerRPC - Request received: Request{type=GET_GAMES, data=null}
2025-06-26 09:46:30 INFO  org.example.ReflectionWorkerRPC - Handled request: GET_GAMES
2025-06-26 09:46:30 INFO  org.example.ProxyRPC - Response received: Response{type=OK, data=[org.example.DTO.GameDTO@750a6f6, org.example.DTO.GameDTO@34a2bbc9, org.example.DTO.GameDTO@578758f8, org.example.DTO.GameDTO@1b1a8f35, org.example.DTO.GameDTO@19fffdb6, org.example.DTO.GameDTO@382261b3, org.example.DTO.GameDTO@550fbed7, org.example.DTO.GameDTO@1aa3f064, org.example.DTO.GameDTO@7cd7bccb, org.example.DTO.GameDTO@57d3751b, org.example.DTO.GameDTO@7f029030]}
2025-06-26 09:46:41 INFO  org.example.ProxyRPC - Sending request: GET_CONFIG
2025-06-26 09:46:41 INFO  org.example.ProxyRPC - Request sent successfully
2025-06-26 09:46:41 INFO  org.example.ReflectionWorkerRPC - Request received: Request{type=GET_CONFIG, data=null}
2025-06-26 09:46:41 INFO  org.example.ServicesImplementation - Am ajuns aici config!
2025-06-26 09:46:41 INFO  org.example.ReflectionWorkerRPC - Handled request: GET_CONFIG
2025-06-26 09:46:41 INFO  org.example.ProxyRPC - Response received: Response{type=OK, data=org.example.DTO.ConfigurationDTO@47078aa8}
2025-06-26 09:46:44 INFO  org.example.client.MainView - Value 2 = x
2025-06-26 09:46:46 INFO  org.example.client.MainView - Value 2 = x
2025-06-26 09:46:48 INFO  org.example.client.MainView - Value 2 = x
2025-06-26 09:46:50 INFO  org.example.client.MainView - Value 2 = x
2025-06-26 09:46:52 INFO  org.example.client.MainView - Value 2 = x
2025-06-26 09:46:57 INFO  org.example.client.MainView - Value 2 = x
2025-06-26 09:46:57 INFO  org.example.ProxyRPC - Sending request: SAVE_GAME
2025-06-26 09:46:57 INFO  org.example.ProxyRPC - Request sent successfully
2025-06-26 09:46:57 INFO  org.example.ReflectionWorkerRPC - Request received: Request{type=SAVE_GAME, data=org.example.DTO.GameDTO@bde2b93}
2025-06-26 09:46:57 INFO  org.example.ServicesImplementation - Trimitem notificare la 2 clienti
2025-06-26 09:46:57 INFO  org.example.ReflectionWorkerRPC - Handled request: SAVE_GAME
2025-06-26 09:46:57 INFO  org.example.ReflectionWorkerRPC - Am trimis update!
2025-06-26 09:46:57 INFO  org.example.ReflectionWorkerRPC - Am trimis update!
2025-06-26 09:46:57 INFO  org.example.ProxyRPC - Response received: Response{type=OK, data=null}
2025-06-26 09:46:57 INFO  org.example.ProxyRPC - Response received: Response{type=NEW_GAME, data=null}
2025-06-26 09:46:57 INFO  org.example.ProxyRPC - Response received: Response{type=NEW_GAME, data=null}
2025-06-26 09:46:57 INFO  org.example.ProxyRPC - Sending request: GET_GAMES
2025-06-26 09:46:57 INFO  org.example.ProxyRPC - Request sent successfully
2025-06-26 09:46:57 INFO  org.example.ReflectionWorkerRPC - Request received: Request{type=GET_GAMES, data=null}
2025-06-26 09:46:57 INFO  org.example.ProxyRPC - Sending request: GET_GAMES
2025-06-26 09:46:57 INFO  org.example.ProxyRPC - Request sent successfully
2025-06-26 09:46:57 INFO  org.example.ReflectionWorkerRPC - Handled request: GET_GAMES
2025-06-26 09:46:57 INFO  org.example.ProxyRPC - Response received: Response{type=OK, data=[org.example.DTO.GameDTO@7aa77f64, org.example.DTO.GameDTO@3bd7a51f, org.example.DTO.GameDTO@77e074d3, org.example.DTO.GameDTO@1c88e90f, org.example.DTO.GameDTO@5d95f9a5, org.example.DTO.GameDTO@5bec4055, org.example.DTO.GameDTO@2fdee117, org.example.DTO.GameDTO@74c5b572, org.example.DTO.GameDTO@6ef229e, org.example.DTO.GameDTO@3f3834fe, org.example.DTO.GameDTO@6736ac57, org.example.DTO.GameDTO@3e81ebe6]}
2025-06-26 09:46:58 INFO  org.example.ReflectionWorkerRPC - Request received: Request{type=GET_GAMES, data=null}
2025-06-26 09:46:58 INFO  org.example.ReflectionWorkerRPC - Handled request: GET_GAMES
2025-06-26 09:46:58 INFO  org.example.ProxyRPC - Response received: Response{type=OK, data=[org.example.DTO.GameDTO@5f907a66, org.example.DTO.GameDTO@25a36cbd, org.example.DTO.GameDTO@60508ec7, org.example.DTO.GameDTO@1b790aaf, org.example.DTO.GameDTO@47e610ec, org.example.DTO.GameDTO@791e5a29, org.example.DTO.GameDTO@1d5cc57b, org.example.DTO.GameDTO@4e23980d, org.example.DTO.GameDTO@39358055, org.example.DTO.GameDTO@32715a48, org.example.DTO.GameDTO@49fd2660, org.example.DTO.GameDTO@1b4c3ca2]}
2025-06-26 10:31:56 ERROR org.example.ProxyRPC - PROXY: Error in reader thread: Connection reset
2025-06-26 10:31:56 ERROR org.example.ProxyRPC - PROXY: Error in reader thread: Connection reset
