2025-04-14 20:55:41,714 [1] INFO Server.StartServer - Starting Server
2025-04-14 20:55:41,743 [1] INFO Networking.AbstractServer - Waiting for a connection...
2025-04-14 21:00:27,193 [1] INFO Server.StartServer - Starting Server
2025-04-14 21:00:27,212 [1] INFO Networking.ConcurrentServer - Concurrent server started
2025-04-14 21:00:27,221 [1] INFO Networking.AbstractServer - Waiting for a connection...
2025-04-14 21:01:24,771 [1] INFO Server.StartServer - Starting Server
2025-04-14 21:01:24,786 [1] INFO Networking.ConcurrentServer - Concurrent server started
2025-04-14 21:01:24,794 [1] INFO Networking.AbstractServer - Waiting for a connection...
2025-04-14 21:01:28,165 [1] INFO Networking.AbstractServer - Connection accepted
2025-04-14 21:01:28,167 [1] INFO Networking.AbstractServer - Waiting for a connection...
2025-04-14 21:01:30,909 [10] INFO Networking.json.WorkerJSON - Am intrat in request-Login
2025-04-14 21:01:30,914 [10] INFO EmployeeDBRepository - Getting Employee with user a and password a
2025-04-14 21:01:31,262 [10] INFO EmployeeDBRepository - Entity was found
2025-04-14 21:01:31,287 [10] INFO Server.ServerImplementation - SERVER: User 'a' logat cu succes. Total clienți: 1
2025-04-14 21:01:32,320 [10] INFO Networking.json.WorkerJSON - Am intrat in request-Flights
2025-04-14 21:01:32,324 [10] INFO FlightDBRepository - Getting all flights
2025-04-14 21:01:32,341 [10] INFO FlightDBRepository - All flights have been retrieved
2025-04-14 21:01:32,343 [10] INFO Networking.json.WorkerJSON - Trimitem zborurile clientului!
2025-04-14 21:01:33,358 [10] INFO Networking.json.WorkerJSON - Am intrat in request-Origin
2025-04-14 21:01:33,360 [10] INFO FlightDBRepository - Getting all origins
2025-04-14 21:01:34,369 [10] INFO Networking.json.WorkerJSON - Am intrat in request-Destination
2025-04-14 21:01:34,372 [10] INFO FlightDBRepository - Getting all departure
2025-04-14 21:01:48,077 [10] INFO Networking.json.WorkerJSON - Am intrat in request-Search
2025-04-14 21:01:48,079 [10] INFO FlightDBRepository - Finding all flights with destination, departure, and date
2025-04-14 21:01:48,090 [10] INFO FlightDBRepository - All flights have been retrieved
2025-04-14 21:01:51,522 [10] INFO Networking.json.WorkerJSON - Am intrat in request-AddTicket
2025-04-14 21:01:51,525 [10] INFO TicketRepository - Saving ticket Ticket number: 1, buyer: aaaa, flight: 7
2025-04-14 21:01:51,538 [10] INFO TicketRepository - Ticket saved!
2025-04-14 21:01:51,547 [10] INFO FlightDBRepository - Updating flight with Flight:7 Bucuresti Cluj-Napoca 184 Otopeni 26/03/2025 8:44:51 pm
2025-04-14 21:01:51,554 [10] INFO FlightDBRepository - Flight Flight:7 Bucuresti Cluj-Napoca 184 Otopeni 26/03/2025 8:44:51 pm has been saved
2025-04-14 21:01:51,554 [10] INFO Server.ServerImplementation - SERVER: Încerc notificarea către 1 observatori.
2025-04-14 21:01:51,557 [12] INFO Networking.json.WorkerJSON - WORKER: Trimit notificarea prin TCP către client...
2025-04-14 21:01:51,559 [12] INFO Networking.json.WorkerJSON - WORKER: Notificarea trimisă cu succes!
2025-04-14 21:01:51,559 [12] INFO Server.ServerImplementation - SERVER: Notificare trimisă cu succes unui observer.
2025-04-14 21:01:52,565 [10] INFO Networking.json.WorkerJSON - Am intrat in request-Flights
2025-04-14 21:01:52,566 [10] INFO FlightDBRepository - Getting all flights
2025-04-14 21:01:52,569 [10] INFO FlightDBRepository - All flights have been retrieved
2025-04-14 21:01:52,569 [10] INFO Networking.json.WorkerJSON - Trimitem zborurile clientului!
2025-04-15 09:53:59,824 [1] INFO Server.StartServer - Starting Server
2025-04-15 09:53:59,842 [1] INFO Networking.ConcurrentServer - Concurrent server started
2025-04-15 09:53:59,851 [1] INFO Networking.AbstractServer - Waiting for a connection...
2025-04-15 09:54:02,363 [1] INFO Networking.AbstractServer - Connection accepted
2025-04-15 09:54:02,364 [1] INFO Networking.AbstractServer - Waiting for a connection...
2025-04-15 09:54:05,639 [10] INFO Networking.json.WorkerJSON - Am intrat in request-Login
2025-04-15 09:54:05,642 [10] INFO EmployeeDBRepository - Getting Employee with user a and password a
2025-04-15 09:54:05,931 [10] INFO EmployeeDBRepository - Entity was found
2025-04-15 09:54:05,940 [10] INFO Server.ServerImplementation - SERVER: User 'a' logat cu succes. Total clienți: 1
2025-04-15 09:54:06,956 [10] INFO Networking.json.WorkerJSON - Am intrat in request-Flights
2025-04-15 09:54:06,957 [10] INFO FlightDBRepository - Getting all flights
2025-04-15 09:54:06,968 [10] INFO FlightDBRepository - All flights have been retrieved
2025-04-15 09:54:06,969 [10] INFO Networking.json.WorkerJSON - Trimitem zborurile clientului!
2025-04-15 09:54:07,985 [10] INFO Networking.json.WorkerJSON - Am intrat in request-Origin
2025-04-15 09:54:07,986 [10] INFO FlightDBRepository - Getting all origins
2025-04-15 09:54:08,998 [10] INFO Networking.json.WorkerJSON - Am intrat in request-Destination
2025-04-15 09:54:08,999 [10] INFO FlightDBRepository - Getting all departure
2025-04-15 09:54:09,041 [1] INFO Networking.AbstractServer - Connection accepted
2025-04-15 09:54:09,042 [1] INFO Networking.AbstractServer - Waiting for a connection...
2025-04-15 09:54:15,431 [12] INFO Networking.json.WorkerJSON - Am intrat in request-Login
2025-04-15 09:54:15,431 [12] INFO EmployeeDBRepository - Getting Employee with user antonia8 and password parola
2025-04-15 09:54:15,433 [12] INFO EmployeeDBRepository - Entity was found
2025-04-15 09:54:15,433 [12] INFO Server.ServerImplementation - SERVER: User 'antonia8' logat cu succes. Total clienți: 2
2025-04-15 09:54:16,438 [12] INFO Networking.json.WorkerJSON - Am intrat in request-Flights
2025-04-15 09:54:16,438 [12] INFO FlightDBRepository - Getting all flights
2025-04-15 09:54:16,441 [12] INFO FlightDBRepository - All flights have been retrieved
2025-04-15 09:54:16,441 [12] INFO Networking.json.WorkerJSON - Trimitem zborurile clientului!
2025-04-15 09:54:17,449 [12] INFO Networking.json.WorkerJSON - Am intrat in request-Origin
2025-04-15 09:54:17,450 [12] INFO FlightDBRepository - Getting all origins
2025-04-15 09:54:18,466 [12] INFO Networking.json.WorkerJSON - Am intrat in request-Destination
2025-04-15 09:54:18,466 [12] INFO FlightDBRepository - Getting all departure
2025-04-15 09:54:37,984 [10] INFO Networking.json.WorkerJSON - Am intrat in request-Search
2025-04-15 09:54:37,987 [10] INFO FlightDBRepository - Finding all flights with destination, departure, and date
2025-04-15 09:54:38,004 [10] INFO FlightDBRepository - All flights have been retrieved
2025-04-15 09:54:44,729 [10] INFO Networking.json.WorkerJSON - Am intrat in request-AddTicket
2025-04-15 09:54:44,766 [10] INFO TicketRepository - Saving ticket Ticket number: 1, buyer: Test, flight: 55
2025-04-15 09:54:44,790 [10] INFO TicketRepository - Ticket saved!
2025-04-15 09:54:44,806 [10] INFO FlightDBRepository - Updating flight with Flight:55 Costa Rica suceava 72 SCV 26/03/2025 8:44:11 pm
2025-04-15 09:54:44,816 [10] INFO FlightDBRepository - Flight Flight:55 Costa Rica suceava 72 SCV 26/03/2025 8:44:11 pm has been saved
2025-04-15 09:54:44,817 [10] INFO Server.ServerImplementation - SERVER: Încerc notificarea către 2 observatori.
2025-04-15 09:54:44,822 [13] INFO Networking.json.WorkerJSON - WORKER: Trimit notificarea prin TCP către client...
2025-04-15 09:54:44,822 [14] INFO Networking.json.WorkerJSON - WORKER: Trimit notificarea prin TCP către client...
2025-04-15 09:54:44,824 [14] INFO Networking.json.WorkerJSON - WORKER: Notificarea trimisă cu succes!
2025-04-15 09:54:44,825 [13] INFO Networking.json.WorkerJSON - WORKER: Notificarea trimisă cu succes!
2025-04-15 09:54:44,825 [14] INFO Server.ServerImplementation - SERVER: Notificare trimisă cu succes unui observer.
2025-04-15 09:54:44,826 [13] INFO Server.ServerImplementation - SERVER: Notificare trimisă cu succes unui observer.
2025-04-15 09:54:44,843 [12] INFO Networking.json.WorkerJSON - Am intrat in request-Flights
2025-04-15 09:54:44,843 [12] INFO FlightDBRepository - Getting all flights
2025-04-15 09:54:44,847 [12] INFO FlightDBRepository - All flights have been retrieved
2025-04-15 09:54:44,849 [12] INFO Networking.json.WorkerJSON - Trimitem zborurile clientului!
2025-04-15 09:54:45,820 [10] INFO Networking.json.WorkerJSON - Am intrat in request-Flights
2025-04-15 09:54:45,821 [10] INFO FlightDBRepository - Getting all flights
2025-04-15 09:54:45,823 [10] INFO FlightDBRepository - All flights have been retrieved
2025-04-15 09:54:45,824 [10] INFO Networking.json.WorkerJSON - Trimitem zborurile clientului!
2025-04-15 10:37:02,013 [1] INFO Server.StartServer - Starting Server
2025-04-15 10:37:02,037 [1] INFO Networking.ConcurrentServer - Concurrent server started
2025-04-15 10:37:02,049 [1] INFO Networking.AbstractServer - Waiting for a connection...
2025-04-15 10:37:14,497 [1] INFO Networking.AbstractServer - Connection accepted
2025-04-15 10:37:14,499 [1] INFO Networking.AbstractServer - Waiting for a connection...
2025-04-15 10:37:19,989 [1] INFO Networking.AbstractServer - Connection accepted
2025-04-15 10:37:19,990 [1] INFO Networking.AbstractServer - Waiting for a connection...
2025-04-15 10:37:24,510 [11] INFO Networking.json.WorkerJSON - Am intrat in request-Login
2025-04-15 10:37:24,519 [11] INFO EmployeeDBRepository - Getting Employee with user a and password a
2025-04-15 10:37:24,866 [11] INFO EmployeeDBRepository - Entity was found
2025-04-15 10:37:24,877 [11] INFO Server.ServerImplementation - SERVER: User 'a' logat cu succes. Total clienți: 1
2025-04-15 10:37:25,915 [11] INFO Networking.json.WorkerJSON - Am intrat in request-Flights
2025-04-15 10:37:25,918 [11] INFO FlightDBRepository - Getting all flights
2025-04-15 10:37:25,966 [11] INFO FlightDBRepository - All flights have been retrieved
2025-04-15 10:37:25,970 [11] INFO Networking.json.WorkerJSON - Trimitem zborurile clientului!
2025-04-15 10:37:26,989 [11] INFO Networking.json.WorkerJSON - Am intrat in request-Origin
2025-04-15 10:37:26,991 [11] INFO FlightDBRepository - Getting all origins
2025-04-15 10:37:28,000 [11] INFO Networking.json.WorkerJSON - Am intrat in request-Destination
2025-04-15 10:37:28,002 [11] INFO FlightDBRepository - Getting all departure
2025-04-15 10:37:31,208 [10] INFO Networking.json.WorkerJSON - Am intrat in request-Login
2025-04-15 10:37:31,209 [10] INFO EmployeeDBRepository - Getting Employee with user antonia8 and password parola
2025-04-15 10:37:31,211 [10] INFO EmployeeDBRepository - Entity was found
2025-04-15 10:37:31,212 [10] INFO Server.ServerImplementation - SERVER: User 'antonia8' logat cu succes. Total clienți: 2
2025-04-15 10:37:32,246 [10] INFO Networking.json.WorkerJSON - Am intrat in request-Flights
2025-04-15 10:37:32,246 [10] INFO FlightDBRepository - Getting all flights
2025-04-15 10:37:32,251 [10] INFO FlightDBRepository - All flights have been retrieved
2025-04-15 10:37:32,252 [10] INFO Networking.json.WorkerJSON - Trimitem zborurile clientului!
2025-04-15 10:37:33,262 [10] INFO Networking.json.WorkerJSON - Am intrat in request-Origin
2025-04-15 10:37:33,263 [10] INFO FlightDBRepository - Getting all origins
2025-04-15 10:37:34,275 [10] INFO Networking.json.WorkerJSON - Am intrat in request-Destination
2025-04-15 10:37:34,276 [10] INFO FlightDBRepository - Getting all departure
2025-04-15 10:37:45,026 [11] INFO Networking.json.WorkerJSON - Am intrat in request-Search
2025-04-15 10:37:45,029 [11] INFO FlightDBRepository - Finding all flights with destination, departure, and date
2025-04-15 10:37:45,074 [11] INFO FlightDBRepository - All flights have been retrieved
2025-04-15 10:37:49,256 [11] INFO Networking.json.WorkerJSON - Am intrat in request-AddTicket
2025-04-15 10:37:49,260 [11] INFO TicketRepository - Saving ticket Ticket number: 1, buyer: aaaaa, flight: 55
2025-04-15 10:37:49,309 [11] INFO TicketRepository - Ticket saved!
2025-04-15 10:37:49,322 [11] INFO FlightDBRepository - Updating flight with Flight:55 Costa Rica suceava 71 SCV 26/03/2025 8:44:11 pm
2025-04-15 10:37:49,327 [11] INFO FlightDBRepository - Flight Flight:55 Costa Rica suceava 71 SCV 26/03/2025 8:44:11 pm has been saved
2025-04-15 10:37:49,328 [11] INFO Server.ServerImplementation - SERVER: Încerc notificarea către 2 observatori.
2025-04-15 10:37:49,331 [14] INFO Networking.json.WorkerJSON - WORKER: Trimit notificarea prin TCP către client...
2025-04-15 10:37:49,331 [9] INFO Networking.json.WorkerJSON - WORKER: Trimit notificarea prin TCP către client...
2025-04-15 10:37:49,333 [9] INFO Networking.json.WorkerJSON - WORKER: Notificarea trimisă cu succes!
2025-04-15 10:37:49,333 [9] INFO Server.ServerImplementation - SERVER: Notificare trimisă cu succes unui observer.
2025-04-15 10:37:49,333 [14] INFO Networking.json.WorkerJSON - WORKER: Notificarea trimisă cu succes!
2025-04-15 10:37:49,334 [14] INFO Server.ServerImplementation - SERVER: Notificare trimisă cu succes unui observer.
2025-04-15 10:37:49,345 [10] INFO Networking.json.WorkerJSON - Am intrat in request-Flights
2025-04-15 10:37:49,346 [10] INFO FlightDBRepository - Getting all flights
2025-04-15 10:37:49,349 [10] INFO FlightDBRepository - All flights have been retrieved
2025-04-15 10:37:49,350 [10] INFO Networking.json.WorkerJSON - Trimitem zborurile clientului!
2025-04-15 10:37:50,340 [11] INFO Networking.json.WorkerJSON - Am intrat in request-Flights
2025-04-15 10:37:50,341 [11] INFO FlightDBRepository - Getting all flights
2025-04-15 10:37:50,344 [11] INFO FlightDBRepository - All flights have been retrieved
2025-04-15 10:37:50,344 [11] INFO Networking.json.WorkerJSON - Trimitem zborurile clientului!
2025-04-15 10:38:14,392 [10] INFO Networking.json.WorkerJSON - Am intrat in request-Search
2025-04-15 10:38:14,393 [10] INFO FlightDBRepository - Finding all flights with destination, departure, and date
2025-04-15 10:38:14,396 [10] INFO FlightDBRepository - All flights have been retrieved
2025-04-15 10:38:21,105 [10] INFO Networking.json.WorkerJSON - Am intrat in request-AddTicket
2025-04-15 10:38:21,106 [10] INFO TicketRepository - Saving ticket Ticket number: 1, buyer: ddddd, flight: 55
2025-04-15 10:38:21,141 [10] INFO TicketRepository - Ticket saved!
2025-04-15 10:38:21,142 [10] INFO FlightDBRepository - Updating flight with Flight:55 Costa Rica suceava 70 SCV 26/03/2025 8:44:11 pm
2025-04-15 10:38:21,146 [10] INFO FlightDBRepository - Flight Flight:55 Costa Rica suceava 70 SCV 26/03/2025 8:44:11 pm has been saved
2025-04-15 10:38:21,146 [10] INFO Server.ServerImplementation - SERVER: Încerc notificarea către 2 observatori.
2025-04-15 10:38:21,147 [14] INFO Networking.json.WorkerJSON - WORKER: Trimit notificarea prin TCP către client...
2025-04-15 10:38:21,147 [15] INFO Networking.json.WorkerJSON - WORKER: Trimit notificarea prin TCP către client...
2025-04-15 10:38:21,148 [14] INFO Networking.json.WorkerJSON - WORKER: Notificarea trimisă cu succes!
2025-04-15 10:38:21,149 [14] INFO Server.ServerImplementation - SERVER: Notificare trimisă cu succes unui observer.
2025-04-15 10:38:21,149 [15] INFO Networking.json.WorkerJSON - WORKER: Notificarea trimisă cu succes!
2025-04-15 10:38:21,149 [15] INFO Server.ServerImplementation - SERVER: Notificare trimisă cu succes unui observer.
2025-04-15 10:38:21,151 [11] INFO Networking.json.WorkerJSON - Am intrat in request-Flights
2025-04-15 10:38:21,151 [11] INFO FlightDBRepository - Getting all flights
2025-04-15 10:38:21,153 [11] INFO FlightDBRepository - All flights have been retrieved
2025-04-15 10:38:21,154 [11] INFO Networking.json.WorkerJSON - Trimitem zborurile clientului!
2025-04-15 10:38:22,153 [10] INFO Networking.json.WorkerJSON - Am intrat in request-Flights
2025-04-15 10:38:22,153 [10] INFO FlightDBRepository - Getting all flights
2025-04-15 10:38:22,156 [10] INFO FlightDBRepository - All flights have been retrieved
2025-04-15 10:38:22,156 [10] INFO Networking.json.WorkerJSON - Trimitem zborurile clientului!
2025-04-24 17:13:48,059 [1] INFO Server.StartServer - Starting Server
2025-04-24 17:15:00,356 [1] INFO Server.StartServer - Starting Server
2025-04-24 17:15:53,825 [1] INFO Server.StartServer - Starting Server
2025-04-24 18:26:53,552 [1] INFO Server.StartServer - Starting Server
2025-04-24 18:33:35,726 [1] INFO Server.StartServer - Starting Server
2025-04-24 18:40:52,009 [1] INFO Server.StartServer - Starting Server
2025-04-24 18:42:12,016 [1] INFO Server.StartServer - Starting Server
2025-04-24 22:43:51,277 [1] INFO Server.StartServer - Starting Server
2025-04-24 22:44:57,422 [1] INFO Server.StartServer - Starting Server
2025-04-24 22:45:45,857 [1] INFO Server.StartServer - Starting Server
2025-04-24 22:45:45,959 [1] INFO Server.StartServer - Server started,running on localhost:55556
2025-04-24 23:11:26,835 [1] INFO Server.StartServer - Starting Server
2025-04-24 23:11:26,961 [1] INFO Server.StartServer - Server started,running on localhost:55556
2025-04-24 23:14:11,232 [16] INFO EmployeeDBRepository - Getting Employee with user a and password a
2025-04-24 23:14:11,678 [16] INFO EmployeeDBRepository - Entity was found
2025-04-24 23:20:42,332 [1] INFO Server.StartServer - Starting Server
2025-04-24 23:20:42,468 [1] INFO Server.StartServer - Server started,running on localhost:55556
2025-04-24 23:20:50,558 [4] INFO EmployeeDBRepository - Getting Employee with user a and password a
2025-04-24 23:20:50,800 [4] INFO EmployeeDBRepository - Entity was found
2025-04-24 23:20:50,851 [8] INFO FlightDBRepository - Getting all flights
2025-04-24 23:20:50,881 [8] INFO FlightDBRepository - All flights have been retrieved
2025-04-24 23:21:14,441 [4] INFO EmployeeDBRepository - Getting Employee with user  and password 
2025-04-24 23:21:14,444 [4] INFO EmployeeDBRepository - Entity was not found
2025-04-24 23:21:14,724 [4] INFO EmployeeDBRepository - Getting Employee with user  and password 
2025-04-24 23:21:14,726 [4] INFO EmployeeDBRepository - Entity was not found
2025-04-24 23:21:15,457 [4] INFO EmployeeDBRepository - Getting Employee with user  and password 
2025-04-24 23:21:15,459 [4] INFO EmployeeDBRepository - Entity was not found
2025-04-24 23:21:15,632 [4] INFO EmployeeDBRepository - Getting Employee with user  and password 
2025-04-24 23:21:15,633 [4] INFO EmployeeDBRepository - Entity was not found
2025-04-24 23:21:15,877 [4] INFO EmployeeDBRepository - Getting Employee with user  and password 
2025-04-24 23:21:15,878 [4] INFO EmployeeDBRepository - Entity was not found
2025-04-24 23:21:16,472 [17] INFO EmployeeDBRepository - Getting Employee with user  and password 
2025-04-24 23:21:16,474 [17] INFO EmployeeDBRepository - Entity was not found
2025-04-24 23:22:01,102 [1] INFO Server.StartServer - Starting Server
2025-04-24 23:22:01,233 [1] INFO Server.StartServer - Server started,running on localhost:55556
2025-04-24 23:22:03,753 [8] INFO EmployeeDBRepository - Getting Employee with user a and password a
2025-04-24 23:22:03,999 [8] INFO EmployeeDBRepository - Entity was found
2025-04-24 23:22:04,053 [16] INFO FlightDBRepository - Getting all flights
2025-04-24 23:22:04,069 [16] INFO FlightDBRepository - All flights have been retrieved
2025-04-24 23:22:55,511 [1] INFO Server.StartServer - Starting Server
2025-04-24 23:22:55,684 [1] INFO Server.StartServer - Server started,running on localhost:55556
2025-04-24 23:23:02,730 [4] INFO EmployeeDBRepository - Getting Employee with user a and password a
2025-04-24 23:23:02,980 [4] INFO EmployeeDBRepository - Entity was found
2025-04-24 23:23:03,023 [4] INFO FlightDBRepository - Getting all flights
2025-04-24 23:23:03,030 [4] INFO FlightDBRepository - All flights have been retrieved
2025-04-24 23:23:50,766 [1] INFO Server.StartServer - Starting Server
2025-04-24 23:23:50,911 [1] INFO Server.StartServer - Server started,running on localhost:55556
2025-04-24 23:23:57,890 [8] INFO EmployeeDBRepository - Getting Employee with user a and password a
2025-04-24 23:23:58,124 [8] INFO EmployeeDBRepository - Entity was found
2025-04-24 23:23:58,178 [4] INFO FlightDBRepository - Getting all flights
2025-04-24 23:23:58,186 [4] INFO FlightDBRepository - All flights have been retrieved
2025-04-24 23:26:11,789 [1] INFO Server.StartServer - Starting Server
2025-04-24 23:26:11,896 [1] INFO Server.StartServer - Server started,running on localhost:55556
2025-04-24 23:26:18,601 [14] INFO EmployeeDBRepository - Getting Employee with user a and password a
2025-04-24 23:26:18,847 [14] INFO EmployeeDBRepository - Entity was found
2025-04-24 23:26:18,898 [16] INFO FlightDBRepository - Getting all flights
2025-04-24 23:26:18,906 [16] INFO FlightDBRepository - All flights have been retrieved
2025-04-24 23:26:45,582 [1] INFO Server.StartServer - Starting Server
2025-04-24 23:26:45,692 [1] INFO Server.StartServer - Server started,running on localhost:55556
2025-04-24 23:26:50,709 [8] INFO EmployeeDBRepository - Getting Employee with user a and password a
2025-04-24 23:26:50,990 [8] INFO EmployeeDBRepository - Entity was found
2025-04-24 23:26:51,033 [16] INFO FlightDBRepository - Getting all flights
2025-04-24 23:26:51,040 [16] INFO FlightDBRepository - All flights have been retrieved
2025-04-24 23:27:40,048 [4] INFO EmployeeDBRepository - Getting Employee with user a and password a
2025-04-24 23:27:40,051 [4] INFO EmployeeDBRepository - Entity was found
2025-04-24 23:27:40,078 [17] INFO FlightDBRepository - Getting all flights
2025-04-24 23:27:40,080 [17] INFO FlightDBRepository - All flights have been retrieved
2025-04-24 23:28:23,917 [17] INFO EmployeeDBRepository - Getting Employee with user a and password a
2025-04-24 23:28:23,921 [17] INFO EmployeeDBRepository - Entity was found
2025-04-24 23:28:23,949 [18] INFO FlightDBRepository - Getting all flights
2025-04-24 23:28:23,951 [18] INFO FlightDBRepository - All flights have been retrieved
2025-04-24 23:29:33,838 [3] INFO EmployeeDBRepository - Getting Employee with user a and password a
2025-04-24 23:29:33,841 [3] INFO EmployeeDBRepository - Entity was found
2025-04-24 23:29:33,864 [20] INFO FlightDBRepository - Getting all flights
2025-04-24 23:29:33,865 [20] INFO FlightDBRepository - All flights have been retrieved
2025-04-24 23:32:17,472 [17] INFO EmployeeDBRepository - Getting Employee with user a and password a
2025-04-24 23:32:17,475 [17] INFO EmployeeDBRepository - Entity was found
2025-04-24 23:32:17,499 [18] INFO FlightDBRepository - Getting all flights
2025-04-24 23:32:17,500 [18] INFO FlightDBRepository - All flights have been retrieved
2025-04-25 00:03:47,040 [31] INFO EmployeeDBRepository - Getting Employee with user a and password a
2025-04-25 00:03:47,160 [31] INFO EmployeeDBRepository - Entity was found
2025-04-25 00:03:47,191 [32] INFO FlightDBRepository - Getting all flights
2025-04-25 00:03:47,197 [32] INFO FlightDBRepository - All flights have been retrieved
2025-04-25 00:05:18,818 [1] INFO Server.StartServer - Starting Server
2025-04-25 00:05:18,954 [1] INFO Server.StartServer - Server started,running on localhost:55556
2025-04-25 00:05:20,955 [4] INFO EmployeeDBRepository - Getting Employee with user a and password a
2025-04-25 00:05:21,220 [4] INFO EmployeeDBRepository - Entity was found
2025-04-25 00:05:21,275 [4] INFO FlightDBRepository - Getting all flights
2025-04-25 00:05:21,283 [4] INFO FlightDBRepository - All flights have been retrieved
2025-04-25 00:09:30,182 [17] INFO EmployeeDBRepository - Getting Employee with user a and password a
2025-04-25 00:09:30,196 [17] INFO EmployeeDBRepository - Entity was found
2025-04-25 00:09:30,219 [4] INFO FlightDBRepository - Getting all flights
2025-04-25 00:09:30,220 [4] INFO FlightDBRepository - All flights have been retrieved
2025-04-25 00:10:26,872 [3] INFO EmployeeDBRepository - Getting Employee with user a and password a
2025-04-25 00:10:26,874 [3] INFO EmployeeDBRepository - Entity was found
2025-04-25 00:10:26,900 [16] INFO FlightDBRepository - Getting all flights
2025-04-25 00:10:26,903 [16] INFO FlightDBRepository - All flights have been retrieved
2025-04-25 00:12:44,981 [19] INFO EmployeeDBRepository - Getting Employee with user a and password a
2025-04-25 00:12:44,983 [19] INFO EmployeeDBRepository - Entity was found
2025-04-25 00:12:45,020 [21] INFO FlightDBRepository - Getting all flights
2025-04-25 00:12:45,024 [21] INFO FlightDBRepository - All flights have been retrieved
2025-04-25 00:17:43,171 [28] INFO EmployeeDBRepository - Getting Employee with user a and password a
2025-04-25 00:17:43,187 [28] INFO EmployeeDBRepository - Entity was found
2025-04-25 00:17:43,210 [29] INFO FlightDBRepository - Getting all flights
2025-04-25 00:17:43,211 [29] INFO FlightDBRepository - All flights have been retrieved
2025-04-25 00:17:43,247 [29] INFO FlightDBRepository - Getting all origins
2025-04-25 00:17:43,269 [28] INFO FlightDBRepository - Getting all departure
2025-04-25 00:35:11,233 [20] INFO EmployeeDBRepository - Getting Employee with user a and password a
2025-04-25 00:35:11,253 [20] INFO EmployeeDBRepository - Entity was found
2025-04-25 00:35:11,302 [20] INFO FlightDBRepository - Getting all flights
2025-04-25 00:35:11,304 [20] INFO FlightDBRepository - All flights have been retrieved
2025-04-25 00:35:11,420 [19] INFO FlightDBRepository - Getting all origins
2025-04-25 00:35:11,463 [19] INFO FlightDBRepository - Getting all departure
2025-04-25 00:35:27,123 [19] INFO FlightDBRepository - Finding all flights with destination, departure, and date
2025-04-25 00:35:27,138 [19] INFO FlightDBRepository - All flights have been retrieved
2025-04-25 00:42:35,164 [1] INFO Server.StartServer - Starting Server
2025-04-25 00:42:35,280 [1] INFO Server.StartServer - Server started,running on localhost:55556
2025-04-25 00:49:17,666 [1] INFO Server.StartServer - Starting Server
2025-04-25 00:49:17,861 [1] INFO Server.StartServer - Server started,running on localhost:55556
2025-04-25 00:49:31,847 [4] INFO EmployeeDBRepository - Getting Employee with user a and password a
2025-04-25 00:49:32,265 [4] INFO EmployeeDBRepository - Entity was found
2025-04-25 00:49:32,319 [8] INFO FlightDBRepository - Getting all flights
2025-04-25 00:49:32,327 [8] INFO FlightDBRepository - All flights have been retrieved
2025-04-25 00:49:32,412 [16] INFO FlightDBRepository - Getting all origins
2025-04-25 00:49:32,429 [8] INFO FlightDBRepository - Getting all departure
2025-04-25 00:49:44,185 [8] INFO FlightDBRepository - Finding all flights with destination, departure, and date
2025-04-25 00:49:44,196 [8] INFO FlightDBRepository - All flights have been retrieved
2025-04-25 00:49:49,682 [8] INFO TicketRepository - Saving ticket Ticket number: 70, buyer: Ana, flight: 55
2025-04-25 00:49:49,739 [8] INFO TicketRepository - Ticket saved!
2025-04-25 00:49:49,741 [8] INFO FlightDBRepository - Updating flight with Flight:55 Costa Rica suceava 0 SCV 26/03/2025 8:44:11 pm
2025-04-25 00:49:49,749 [8] INFO FlightDBRepository - Flight Flight:55 Costa Rica suceava 0 SCV 26/03/2025 8:44:11 pm has been saved
2025-04-25 16:37:15,500 [1] INFO Server.StartServer - Starting Server
2025-04-25 16:37:15,631 [1] INFO Server.StartServer - Server started,running on localhost:55556
2025-04-25 16:37:26,113 [9] INFO EmployeeDBRepository - Getting Employee with user a and password a
2025-04-25 16:37:26,478 [9] INFO EmployeeDBRepository - Entity was found
2025-04-25 16:37:26,565 [8] INFO FlightDBRepository - Getting all flights
2025-04-25 16:37:26,575 [8] INFO FlightDBRepository - All flights have been retrieved
2025-04-25 16:37:26,740 [8] INFO FlightDBRepository - Getting all origins
2025-04-25 16:37:26,807 [8] INFO FlightDBRepository - Getting all departure
2025-04-25 16:37:40,960 [4] INFO FlightDBRepository - Finding all flights with destination, departure, and date
2025-04-25 16:37:40,969 [4] INFO FlightDBRepository - All flights have been retrieved
2025-04-25 16:37:48,677 [8] INFO TicketRepository - Saving ticket Ticket number: 184, buyer: AnaMariaB, flight: 7
2025-04-25 16:37:48,691 [8] INFO TicketRepository - Ticket saved!
2025-04-25 16:37:48,692 [8] INFO FlightDBRepository - Updating flight with Flight:7 Bucuresti Cluj-Napoca 0 Otopeni 26/03/2025 8:44:51 pm
2025-04-25 16:37:48,698 [8] INFO FlightDBRepository - Flight Flight:7 Bucuresti Cluj-Napoca 0 Otopeni 26/03/2025 8:44:51 pm has been saved
2025-04-25 16:37:48,721 [8] INFO FlightDBRepository - Getting all flights
2025-04-25 16:37:48,723 [8] INFO FlightDBRepository - All flights have been retrieved
2025-04-25 16:37:48,729 [8] INFO FlightDBRepository - Getting all origins
2025-04-25 16:37:48,734 [8] INFO FlightDBRepository - Getting all departure
2025-04-25 16:38:22,028 [8] INFO TicketRepository - Saving ticket Ticket number: 238, buyer: AnaMariaB, flight: 30
2025-04-25 16:38:22,034 [8] INFO TicketRepository - Ticket saved!
2025-04-25 16:38:22,034 [8] INFO FlightDBRepository - Updating flight with Flight:30 Bucuresti Cluj-Napoca 0 Otopeni 26/03/2025 8:45:46 pm
2025-04-25 16:38:22,038 [8] INFO FlightDBRepository - Flight Flight:30 Bucuresti Cluj-Napoca 0 Otopeni 26/03/2025 8:45:46 pm has been saved
2025-04-25 16:38:22,041 [8] INFO FlightDBRepository - Getting all flights
2025-04-25 16:38:22,043 [8] INFO FlightDBRepository - All flights have been retrieved
2025-04-25 16:38:22,050 [17] INFO FlightDBRepository - Getting all origins
2025-04-25 16:38:22,054 [8] INFO FlightDBRepository - Getting all departure
2025-04-25 16:39:16,874 [17] INFO EmployeeDBRepository - Getting Employee with user a and password a
2025-04-25 16:39:16,876 [17] INFO EmployeeDBRepository - Entity was found
2025-04-25 16:39:16,915 [9] INFO FlightDBRepository - Getting all flights
2025-04-25 16:39:16,918 [9] INFO FlightDBRepository - All flights have been retrieved
2025-04-25 16:39:16,956 [9] INFO FlightDBRepository - Getting all origins
2025-04-25 16:39:16,967 [17] INFO FlightDBRepository - Getting all departure
2025-04-25 16:40:23,429 [3] INFO FlightDBRepository - Finding all flights with destination, departure, and date
2025-04-25 16:40:23,431 [3] INFO FlightDBRepository - All flights have been retrieved
2025-04-25 16:40:31,361 [3] INFO EmployeeDBRepository - Getting Employee with user antonia8 and password parola
2025-04-25 16:40:31,366 [3] INFO EmployeeDBRepository - Entity was found
2025-04-25 16:40:31,389 [18] INFO FlightDBRepository - Getting all flights
2025-04-25 16:40:31,391 [18] INFO FlightDBRepository - All flights have been retrieved
2025-04-25 16:40:31,424 [3] INFO FlightDBRepository - Getting all origins
2025-04-25 16:40:31,435 [18] INFO FlightDBRepository - Getting all departure
2025-04-25 16:40:41,322 [3] INFO FlightDBRepository - Finding all flights with destination, departure, and date
2025-04-25 16:40:41,323 [3] INFO FlightDBRepository - All flights have been retrieved
2025-04-25 16:40:49,757 [3] INFO TicketRepository - Saving ticket Ticket number: 236, buyer: aaaaa, flight: 39
2025-04-25 16:40:49,763 [3] INFO TicketRepository - Ticket saved!
2025-04-25 16:40:49,764 [3] INFO FlightDBRepository - Updating flight with Flight:39 Bucuresti Cluj-Napoca 0 Otopeni 26/03/2025 8:44:57 pm
2025-04-25 16:40:49,766 [3] INFO FlightDBRepository - Flight Flight:39 Bucuresti Cluj-Napoca 0 Otopeni 26/03/2025 8:44:57 pm has been saved
2025-04-25 16:40:49,773 [3] INFO FlightDBRepository - Getting all flights
2025-04-25 16:40:49,773 [18] INFO FlightDBRepository - Getting all flights
2025-04-25 16:46:07,845 [1] INFO Server.StartServer - Starting Server
2025-04-25 16:46:07,952 [1] INFO Server.StartServer - Server started,running on localhost:55556
2025-04-25 16:46:37,294 [15] INFO EmployeeDBRepository - Getting Employee with user a and password a
2025-04-25 16:46:37,550 [15] INFO EmployeeDBRepository - Entity was found
2025-04-25 16:46:37,595 [16] INFO FlightDBRepository - Getting all flights
2025-04-25 16:46:37,604 [16] INFO FlightDBRepository - All flights have been retrieved
2025-04-25 16:46:37,685 [15] INFO FlightDBRepository - Getting all origins
2025-04-25 16:46:37,702 [15] INFO FlightDBRepository - Getting all departure
2025-04-25 16:46:45,942 [18] INFO FlightDBRepository - Finding all flights with destination, departure, and date
2025-04-25 16:46:45,948 [18] INFO FlightDBRepository - All flights have been retrieved
2025-04-25 16:46:48,305 [18] INFO TicketRepository - Saving ticket Ticket number: 1, buyer: a, flight: 55
2025-04-25 16:46:48,314 [18] INFO TicketRepository - Ticket saved!
2025-04-25 16:46:48,316 [18] INFO FlightDBRepository - Updating flight with Flight:55 Costa Rica suceava 119 SCV 26/03/2025 8:44:11 pm
2025-04-25 16:46:48,319 [18] INFO FlightDBRepository - Flight Flight:55 Costa Rica suceava 119 SCV 26/03/2025 8:44:11 pm has been saved
2025-04-25 16:46:48,332 [16] INFO FlightDBRepository - Getting all flights
2025-04-25 16:46:48,334 [16] INFO FlightDBRepository - All flights have been retrieved
2025-04-25 16:46:48,341 [16] INFO FlightDBRepository - Getting all origins
2025-04-25 16:46:48,346 [18] INFO FlightDBRepository - Getting all departure
2025-04-25 16:47:19,077 [19] INFO EmployeeDBRepository - Getting Employee with user antonia8 and password parola
2025-04-25 16:47:19,079 [19] INFO EmployeeDBRepository - Entity was found
2025-04-25 16:47:19,100 [16] INFO FlightDBRepository - Getting all flights
2025-04-25 16:47:19,101 [16] INFO FlightDBRepository - All flights have been retrieved
2025-04-25 16:47:19,137 [16] INFO FlightDBRepository - Getting all origins
2025-04-25 16:47:19,149 [19] INFO FlightDBRepository - Getting all departure
2025-04-25 16:47:33,307 [16] INFO FlightDBRepository - Finding all flights with destination, departure, and date
2025-04-25 16:47:33,309 [16] INFO FlightDBRepository - All flights have been retrieved
2025-04-25 16:47:36,092 [19] INFO TicketRepository - Saving ticket Ticket number: 1, buyer: dddd, flight: 55
2025-04-25 16:47:36,098 [19] INFO TicketRepository - Ticket saved!
2025-04-25 16:47:36,098 [19] INFO FlightDBRepository - Updating flight with Flight:55 Costa Rica suceava 118 SCV 26/03/2025 8:44:11 pm
2025-04-25 16:47:36,101 [19] INFO FlightDBRepository - Flight Flight:55 Costa Rica suceava 118 SCV 26/03/2025 8:44:11 pm has been saved
2025-04-25 16:47:36,108 [16] INFO FlightDBRepository - Getting all flights
2025-04-25 16:47:36,108 [19] INFO FlightDBRepository - Getting all flights
2025-04-25 16:47:36,110 [16] INFO FlightDBRepository - All flights have been retrieved
2025-04-25 16:47:36,117 [19] INFO FlightDBRepository - Getting all origins
2025-04-25 16:47:36,122 [19] INFO FlightDBRepository - Getting all departure
2025-04-25 17:09:00,473 [1] INFO Server.StartServer - Starting Server
2025-04-25 17:09:00,596 [1] INFO Server.StartServer - Server started,running on localhost:55556
2025-04-25 17:10:20,248 [15] INFO EmployeeDBRepository - Getting Employee with user a and password a
2025-04-25 17:10:20,541 [15] INFO EmployeeDBRepository - Entity was found
2025-04-25 17:10:20,582 [16] INFO FlightDBRepository - Getting all flights
2025-04-25 17:10:20,590 [16] INFO FlightDBRepository - All flights have been retrieved
2025-04-25 17:10:20,635 [15] INFO FlightDBRepository - Getting all origins
2025-04-25 17:10:20,647 [15] INFO FlightDBRepository - Getting all departure
2025-04-25 17:10:44,157 [15] INFO EmployeeDBRepository - Getting Employee with user antonia8 and password parola
2025-04-25 17:10:44,159 [15] INFO EmployeeDBRepository - Entity was found
2025-04-25 17:10:44,186 [16] INFO FlightDBRepository - Getting all flights
2025-04-25 17:10:44,187 [16] INFO FlightDBRepository - All flights have been retrieved
2025-04-25 17:10:44,229 [15] INFO FlightDBRepository - Getting all origins
2025-04-25 17:10:44,237 [15] INFO FlightDBRepository - Getting all departure
2025-04-25 17:13:09,738 [1] INFO Server.StartServer - Starting Server
2025-04-25 17:13:09,867 [1] INFO Server.StartServer - Server started,running on localhost:55556
2025-04-25 17:13:26,675 [8] INFO EmployeeDBRepository - Getting Employee with user a and password a
2025-04-25 17:13:26,931 [8] INFO EmployeeDBRepository - Entity was found
2025-04-25 17:13:26,969 [4] INFO FlightDBRepository - Getting all flights
2025-04-25 17:13:26,976 [4] INFO FlightDBRepository - All flights have been retrieved
2025-04-25 17:13:27,029 [4] INFO FlightDBRepository - Getting all origins
2025-04-25 17:13:27,042 [8] INFO FlightDBRepository - Getting all departure
2025-04-25 17:13:49,762 [8] INFO FlightDBRepository - Finding all flights with destination, departure, and date
2025-04-25 17:13:49,768 [8] INFO FlightDBRepository - All flights have been retrieved
2025-04-25 17:13:53,396 [17] INFO TicketRepository - Saving ticket Ticket number: 1, buyer: aaa, flight: 7
2025-04-25 17:13:53,404 [17] INFO TicketRepository - Ticket saved!
2025-04-25 17:13:53,405 [17] INFO FlightDBRepository - Updating flight with Flight:7 Bucuresti Cluj-Napoca 19 Otopeni 26/03/2025 8:44:51 pm
2025-04-25 17:13:53,408 [17] INFO FlightDBRepository - Flight Flight:7 Bucuresti Cluj-Napoca 19 Otopeni 26/03/2025 8:44:51 pm has been saved
2025-04-25 17:13:53,420 [18] INFO FlightDBRepository - Getting all flights
2025-04-25 17:13:53,422 [18] INFO FlightDBRepository - All flights have been retrieved
2025-04-25 17:14:26,967 [19] INFO EmployeeDBRepository - Getting Employee with user antonia8 and password parola
2025-04-25 17:14:26,969 [19] INFO EmployeeDBRepository - Entity was found
2025-04-25 17:14:26,995 [17] INFO FlightDBRepository - Getting all flights
2025-04-25 17:14:26,998 [17] INFO FlightDBRepository - All flights have been retrieved
2025-04-25 17:14:27,058 [17] INFO FlightDBRepository - Getting all origins
2025-04-25 17:14:27,071 [17] INFO FlightDBRepository - Getting all departure
2025-04-25 17:14:35,316 [19] INFO TicketRepository - Saving ticket Ticket number: 1, buyer: aaa, flight: 7
2025-04-25 17:14:35,594 [19] INFO TicketRepository - Ticket saved!
2025-04-25 17:14:35,595 [19] INFO FlightDBRepository - Updating flight with Flight:7 Bucuresti Cluj-Napoca 19 Otopeni 26/03/2025 8:44:51 pm
2025-04-25 17:14:35,597 [19] INFO FlightDBRepository - Flight Flight:7 Bucuresti Cluj-Napoca 19 Otopeni 26/03/2025 8:44:51 pm has been saved
2025-04-25 17:14:35,604 [19] INFO FlightDBRepository - Getting all flights
2025-04-25 17:14:35,607 [19] INFO FlightDBRepository - All flights have been retrieved
2025-04-25 17:14:35,613 [19] INFO FlightDBRepository - Getting all flights
2025-04-25 17:14:35,617 [19] INFO FlightDBRepository - All flights have been retrieved
2025-04-25 17:15:12,274 [17] INFO FlightDBRepository - Finding all flights with destination, departure, and date
2025-04-25 17:15:12,277 [17] INFO FlightDBRepository - All flights have been retrieved
2025-04-25 17:15:16,805 [22] INFO TicketRepository - Saving ticket Ticket number: 1, buyer: aaaaa, flight: 55
2025-04-25 17:15:16,808 [22] INFO TicketRepository - Ticket saved!
2025-04-25 17:15:16,808 [22] INFO FlightDBRepository - Updating flight with Flight:55 Costa Rica suceava 117 SCV 26/03/2025 8:44:11 pm
2025-04-25 17:15:16,810 [22] INFO FlightDBRepository - Flight Flight:55 Costa Rica suceava 117 SCV 26/03/2025 8:44:11 pm has been saved
2025-04-25 17:15:16,814 [22] INFO FlightDBRepository - Getting all flights
2025-04-25 17:15:16,815 [17] INFO FlightDBRepository - Getting all flights
2025-04-25 17:15:16,816 [22] INFO FlightDBRepository - All flights have been retrieved
2025-04-25 17:15:16,829 [17] INFO FlightDBRepository - All flights have been retrieved
2025-04-25 17:15:36,308 [17] INFO TicketRepository - Saving ticket Ticket number: 1, buyer: aaaaa, flight: 55
2025-04-25 17:15:36,311 [17] INFO TicketRepository - Ticket saved!
2025-04-25 17:15:36,311 [17] INFO FlightDBRepository - Updating flight with Flight:55 Costa Rica suceava 117 SCV 26/03/2025 8:44:11 pm
2025-04-25 17:15:36,312 [17] INFO FlightDBRepository - Flight Flight:55 Costa Rica suceava 117 SCV 26/03/2025 8:44:11 pm has been saved
2025-04-25 17:15:36,317 [17] INFO FlightDBRepository - Getting all flights
2025-04-25 17:15:36,317 [22] INFO FlightDBRepository - Getting all flights
2025-04-25 17:15:36,320 [22] INFO FlightDBRepository - All flights have been retrieved
2025-04-25 17:16:17,833 [17] INFO EmployeeDBRepository - Getting Employee with user a and password a
2025-04-25 17:16:17,835 [17] INFO EmployeeDBRepository - Entity was found
2025-04-25 17:16:17,861 [23] INFO FlightDBRepository - Getting all flights
2025-04-25 17:16:17,862 [23] INFO FlightDBRepository - All flights have been retrieved
2025-04-25 17:16:17,904 [23] INFO FlightDBRepository - Getting all origins
2025-04-25 17:16:17,913 [17] INFO FlightDBRepository - Getting all departure
2025-04-25 17:16:32,653 [23] INFO EmployeeDBRepository - Getting Employee with user antonia8 and password parola
2025-04-25 17:16:32,654 [23] INFO EmployeeDBRepository - Entity was found
2025-04-25 17:16:32,675 [23] INFO FlightDBRepository - Getting all flights
2025-04-25 17:16:32,676 [23] INFO FlightDBRepository - All flights have been retrieved
2025-04-25 17:16:32,707 [23] INFO FlightDBRepository - Getting all origins
2025-04-25 17:16:32,717 [17] INFO FlightDBRepository - Getting all departure
2025-04-25 17:16:45,474 [17] INFO FlightDBRepository - Finding all flights with destination, departure, and date
2025-04-25 17:16:45,476 [17] INFO FlightDBRepository - All flights have been retrieved
2025-04-25 17:16:48,659 [17] INFO TicketRepository - Saving ticket Ticket number: 1, buyer: ccc, flight: 55
2025-04-25 17:16:48,661 [17] INFO TicketRepository - Ticket saved!
2025-04-25 17:16:48,662 [17] INFO FlightDBRepository - Updating flight with Flight:55 Costa Rica suceava 116 SCV 26/03/2025 8:44:11 pm
2025-04-25 17:16:48,664 [17] INFO FlightDBRepository - Flight Flight:55 Costa Rica suceava 116 SCV 26/03/2025 8:44:11 pm has been saved
2025-04-25 17:16:48,671 [22] INFO FlightDBRepository - Getting all flights
2025-04-25 17:16:48,674 [17] INFO FlightDBRepository - Getting all flights
2025-04-25 17:16:48,675 [22] INFO FlightDBRepository - All flights have been retrieved
2025-04-25 17:17:18,423 [1] INFO Server.StartServer - Starting Server
2025-04-25 17:17:18,572 [1] INFO Server.StartServer - Server started,running on localhost:55556
2025-04-25 17:17:38,860 [4] INFO EmployeeDBRepository - Getting Employee with user a and password a
2025-04-25 17:17:39,105 [4] INFO EmployeeDBRepository - Entity was found
2025-04-25 17:17:39,148 [8] INFO FlightDBRepository - Getting all flights
2025-04-25 17:17:39,156 [8] INFO FlightDBRepository - All flights have been retrieved
2025-04-25 17:17:39,203 [4] INFO FlightDBRepository - Getting all origins
2025-04-25 17:17:39,228 [4] INFO FlightDBRepository - Getting all departure
2025-04-25 17:17:47,481 [8] INFO EmployeeDBRepository - Getting Employee with user antonia8 and password parola
2025-04-25 17:17:47,483 [8] INFO EmployeeDBRepository - Entity was found
2025-04-25 17:17:47,509 [4] INFO FlightDBRepository - Getting all flights
2025-04-25 17:17:47,511 [4] INFO FlightDBRepository - All flights have been retrieved
2025-04-25 17:17:47,546 [8] INFO FlightDBRepository - Getting all origins
2025-04-25 17:17:47,555 [4] INFO FlightDBRepository - Getting all departure
2025-04-25 17:17:54,942 [4] INFO FlightDBRepository - Finding all flights with destination, departure, and date
2025-04-25 17:17:54,945 [4] INFO FlightDBRepository - All flights have been retrieved
2025-04-25 17:18:00,654 [8] INFO TicketRepository - Saving ticket Ticket number: 1, buyer: Aaaa, flight: 55
2025-04-25 17:18:00,665 [8] INFO TicketRepository - Ticket saved!
2025-04-25 17:18:00,667 [8] INFO FlightDBRepository - Updating flight with Flight:55 Costa Rica suceava 115 SCV 26/03/2025 8:44:11 pm
2025-04-25 17:18:00,669 [8] INFO FlightDBRepository - Flight Flight:55 Costa Rica suceava 115 SCV 26/03/2025 8:44:11 pm has been saved
2025-04-25 17:18:00,681 [8] INFO FlightDBRepository - Getting all flights
2025-04-25 17:18:00,683 [4] INFO FlightDBRepository - Getting all flights
2025-04-25 17:18:00,683 [8] INFO FlightDBRepository - All flights have been retrieved
2025-04-25 17:18:00,686 [4] INFO FlightDBRepository - All flights have been retrieved
2025-04-25 17:18:30,085 [4] INFO TicketRepository - Saving ticket Ticket number: 1, buyer: Aaaa, flight: 55
2025-04-25 17:23:02,265 [1] INFO Server.StartServer - Starting Server
2025-04-25 17:23:02,388 [1] INFO Server.StartServer - Server started,running on localhost:55556
2025-04-25 17:24:13,530 [1] INFO Server.StartServer - Starting Server
2025-04-25 17:24:13,682 [1] INFO Server.StartServer - Server started,running on localhost:55556
2025-04-25 17:24:26,143 [4] INFO EmployeeDBRepository - Getting Employee with user a and password a
2025-04-25 17:24:26,427 [4] INFO EmployeeDBRepository - Entity was found
2025-04-25 17:24:26,467 [8] INFO FlightDBRepository - Getting all flights
2025-04-25 17:24:26,480 [8] INFO FlightDBRepository - All flights have been retrieved
2025-04-25 17:24:26,529 [8] INFO FlightDBRepository - Getting all origins
2025-04-25 17:24:26,542 [8] INFO FlightDBRepository - Getting all departure
2025-04-25 17:24:35,745 [8] INFO FlightDBRepository - Finding all flights with destination, departure, and date
2025-04-25 17:24:35,751 [8] INFO FlightDBRepository - All flights have been retrieved
2025-04-25 17:24:58,315 [16] INFO EmployeeDBRepository - Getting Employee with user antonia8 and password parola
2025-04-25 17:24:58,318 [16] INFO EmployeeDBRepository - Entity was found
2025-04-25 17:24:58,349 [8] INFO FlightDBRepository - Getting all flights
2025-04-25 17:24:58,353 [8] INFO FlightDBRepository - All flights have been retrieved
2025-04-25 17:24:58,397 [16] INFO FlightDBRepository - Getting all origins
2025-04-25 17:24:58,411 [8] INFO FlightDBRepository - Getting all departure
2025-04-25 17:25:14,217 [8] INFO TicketRepository - Saving ticket Ticket number: 1, buyer: aaaa, flight: 55
2025-04-25 17:25:14,234 [8] INFO TicketRepository - Ticket saved!
2025-04-25 17:25:14,235 [8] INFO FlightDBRepository - Updating flight with Flight:55 Costa Rica suceava 114 SCV 26/03/2025 8:44:11 pm
2025-04-25 17:25:14,238 [8] INFO FlightDBRepository - Flight Flight:55 Costa Rica suceava 114 SCV 26/03/2025 8:44:11 pm has been saved
2025-04-25 17:25:14,262 [16] INFO FlightDBRepository - Getting all flights
2025-04-25 17:25:14,266 [16] INFO FlightDBRepository - All flights have been retrieved
2025-04-25 17:25:14,267 [8] INFO FlightDBRepository - Getting all flights
2025-04-25 17:25:14,271 [8] INFO FlightDBRepository - All flights have been retrieved
2025-04-25 17:25:43,788 [8] INFO TicketRepository - Saving ticket Ticket number: 1, buyer: aaaaa, flight: 55
2025-04-25 17:25:43,794 [8] INFO TicketRepository - Ticket saved!
2025-04-25 17:25:43,795 [8] INFO FlightDBRepository - Updating flight with Flight:55 Costa Rica suceava 114 SCV 26/03/2025 8:44:11 pm
2025-04-25 17:25:43,796 [8] INFO FlightDBRepository - Flight Flight:55 Costa Rica suceava 114 SCV 26/03/2025 8:44:11 pm has been saved
2025-04-25 17:25:43,802 [8] INFO FlightDBRepository - Getting all flights
2025-04-25 17:25:43,803 [18] INFO FlightDBRepository - Getting all flights
2025-04-25 17:25:43,805 [8] INFO FlightDBRepository - All flights have been retrieved
2025-04-25 17:29:50,251 [1] INFO Server.StartServer - Starting Server
2025-04-25 17:29:50,378 [1] INFO Server.StartServer - Server started,running on localhost:55556
2025-04-25 17:29:56,942 [8] INFO EmployeeDBRepository - Getting Employee with user a and password a
2025-04-25 17:29:57,199 [8] INFO EmployeeDBRepository - Entity was found
2025-04-25 17:29:57,240 [4] INFO FlightDBRepository - Getting all flights
2025-04-25 17:29:57,247 [4] INFO FlightDBRepository - All flights have been retrieved
2025-04-25 17:29:57,294 [8] INFO FlightDBRepository - Getting all origins
2025-04-25 17:29:57,307 [4] INFO FlightDBRepository - Getting all departure
2025-04-25 17:30:08,900 [4] INFO EmployeeDBRepository - Getting Employee with user antonia8 and password parola
2025-04-25 17:30:08,902 [4] INFO EmployeeDBRepository - Entity was found
2025-04-25 17:30:08,930 [8] INFO FlightDBRepository - Getting all flights
2025-04-25 17:30:08,932 [8] INFO FlightDBRepository - All flights have been retrieved
2025-04-25 17:30:08,963 [4] INFO FlightDBRepository - Getting all origins
2025-04-25 17:30:08,972 [4] INFO FlightDBRepository - Getting all departure
2025-04-25 17:30:21,072 [8] INFO FlightDBRepository - Finding all flights with destination, departure, and date
2025-04-25 17:30:21,076 [8] INFO FlightDBRepository - All flights have been retrieved
2025-04-25 17:30:23,559 [4] INFO TicketRepository - Saving ticket Ticket number: 1, buyer: aaaa, flight: 55
2025-04-25 17:30:23,565 [4] INFO TicketRepository - Ticket saved!
2025-04-25 17:30:23,566 [4] INFO FlightDBRepository - Updating flight with Flight:55 Costa Rica suceava 113 SCV 26/03/2025 8:44:11 pm
2025-04-25 17:30:23,569 [4] INFO FlightDBRepository - Flight Flight:55 Costa Rica suceava 113 SCV 26/03/2025 8:44:11 pm has been saved
2025-04-25 17:30:23,582 [17] INFO FlightDBRepository - Getting all flights
2025-04-25 17:30:23,584 [17] INFO FlightDBRepository - All flights have been retrieved
2025-04-25 17:30:23,585 [4] INFO FlightDBRepository - Getting all flights
2025-04-25 17:30:23,587 [4] INFO FlightDBRepository - All flights have been retrieved
2025-04-25 17:30:42,633 [8] INFO TicketRepository - Saving ticket Ticket number: 1, buyer: aaaaaaaa, flight: 55
2025-04-25 17:30:42,636 [8] INFO TicketRepository - Ticket saved!
2025-04-25 17:30:42,637 [8] INFO FlightDBRepository - Updating flight with Flight:55 Costa Rica suceava 113 SCV 26/03/2025 8:44:11 pm
2025-04-25 17:30:42,638 [8] INFO FlightDBRepository - Flight Flight:55 Costa Rica suceava 113 SCV 26/03/2025 8:44:11 pm has been saved
2025-04-25 17:30:42,645 [8] INFO FlightDBRepository - Getting all flights
2025-04-25 17:30:42,645 [4] INFO FlightDBRepository - Getting all flights
2025-04-25 17:58:01,431 [1] INFO Server.StartServer - Starting Server
2025-04-25 17:58:01,584 [1] INFO Server.StartServer - Server started,running on localhost:55556
2025-04-25 17:58:09,623 [8] INFO EmployeeDBRepository - Getting Employee with user a and password a
2025-04-25 17:58:09,894 [8] INFO EmployeeDBRepository - Entity was found
2025-04-25 17:58:09,944 [4] INFO FlightDBRepository - Getting all flights
2025-04-25 17:58:09,952 [4] INFO FlightDBRepository - All flights have been retrieved
2025-04-25 17:58:10,001 [4] INFO FlightDBRepository - Getting all origins
2025-04-25 17:58:10,016 [16] INFO FlightDBRepository - Getting all departure
2025-04-25 17:58:32,883 [4] INFO EmployeeDBRepository - Getting Employee with user antonia8 and password parola
2025-04-25 17:58:32,886 [4] INFO EmployeeDBRepository - Entity was found
2025-04-25 17:58:32,914 [4] INFO FlightDBRepository - Getting all flights
2025-04-25 17:58:32,916 [4] INFO FlightDBRepository - All flights have been retrieved
2025-04-25 17:58:32,955 [16] INFO FlightDBRepository - Getting all origins
2025-04-25 17:58:32,966 [4] INFO FlightDBRepository - Getting all departure
2025-04-25 17:58:48,520 [4] INFO FlightDBRepository - Finding all flights with destination, departure, and date
2025-04-25 17:58:48,524 [4] INFO FlightDBRepository - All flights have been retrieved
2025-04-25 17:58:51,667 [16] INFO TicketRepository - Saving ticket Ticket number: 1, buyer: aaa, flight: 55
2025-04-25 17:58:51,673 [16] INFO TicketRepository - Ticket saved!
2025-04-25 17:58:51,675 [16] INFO FlightDBRepository - Updating flight with Flight:55 Costa Rica suceava 112 SCV 26/03/2025 8:44:11 pm
2025-04-25 17:58:51,677 [16] INFO FlightDBRepository - Flight Flight:55 Costa Rica suceava 112 SCV 26/03/2025 8:44:11 pm has been saved
2025-04-25 17:58:51,694 [17] INFO FlightDBRepository - Getting all flights
2025-04-25 17:58:51,698 [4] INFO FlightDBRepository - Getting all flights
2025-04-25 17:58:51,710 [17] INFO FlightDBRepository - All flights have been retrieved
2025-04-25 18:03:56,525 [1] INFO Server.StartServer - Starting Server
2025-04-25 18:03:56,648 [1] INFO Server.StartServer - Server started,running on localhost:55556
2025-04-25 18:04:08,774 [4] INFO EmployeeDBRepository - Getting Employee with user a and password a
2025-04-25 18:04:09,018 [4] INFO EmployeeDBRepository - Entity was found
2025-04-25 18:04:09,068 [8] INFO FlightDBRepository - Getting all flights
2025-04-25 18:04:09,075 [8] INFO FlightDBRepository - All flights have been retrieved
2025-04-25 18:04:09,135 [8] INFO FlightDBRepository - Getting all origins
2025-04-25 18:04:09,148 [8] INFO FlightDBRepository - Getting all departure
2025-04-25 18:04:19,491 [16] INFO EmployeeDBRepository - Getting Employee with user antonia8 and password parola
2025-04-25 18:04:19,492 [16] INFO EmployeeDBRepository - Entity was found
2025-04-25 18:04:19,514 [16] INFO FlightDBRepository - Getting all flights
2025-04-25 18:04:19,516 [16] INFO FlightDBRepository - All flights have been retrieved
2025-04-25 18:04:19,551 [8] INFO FlightDBRepository - Getting all origins
2025-04-25 18:04:19,563 [16] INFO FlightDBRepository - Getting all departure
2025-04-25 18:04:27,511 [16] INFO FlightDBRepository - Finding all flights with destination, departure, and date
2025-04-25 18:04:27,515 [16] INFO FlightDBRepository - All flights have been retrieved
2025-04-25 18:04:30,724 [8] INFO TicketRepository - Saving ticket Ticket number: 1, buyer: aaaaa, flight: 55
2025-04-25 18:04:30,733 [8] INFO TicketRepository - Ticket saved!
2025-04-25 18:04:30,734 [8] INFO FlightDBRepository - Updating flight with Flight:55 Costa Rica suceava 111 SCV 26/03/2025 8:44:11 pm
2025-04-25 18:04:30,737 [8] INFO FlightDBRepository - Flight Flight:55 Costa Rica suceava 111 SCV 26/03/2025 8:44:11 pm has been saved
2025-04-25 18:04:30,751 [8] INFO FlightDBRepository - Getting all flights
2025-04-25 18:04:30,753 [8] INFO FlightDBRepository - All flights have been retrieved
2025-04-25 18:04:30,758 [16] INFO FlightDBRepository - Getting all flights
2025-04-25 18:04:30,761 [16] INFO FlightDBRepository - All flights have been retrieved
2025-04-25 18:04:44,519 [8] INFO TicketRepository - Saving ticket Ticket number: 1, buyer: zzzzz, flight: 55
2025-04-25 18:04:44,525 [8] INFO TicketRepository - Ticket saved!
2025-04-25 18:04:44,525 [8] INFO FlightDBRepository - Updating flight with Flight:55 Costa Rica suceava 111 SCV 26/03/2025 8:44:11 pm
2025-04-25 18:04:44,526 [8] INFO FlightDBRepository - Flight Flight:55 Costa Rica suceava 111 SCV 26/03/2025 8:44:11 pm has been saved
2025-04-25 18:04:44,531 [8] INFO FlightDBRepository - Getting all flights
2025-04-25 18:04:44,531 [16] INFO FlightDBRepository - Getting all flights
2025-04-25 18:04:44,533 [8] INFO FlightDBRepository - All flights have been retrieved
2025-04-25 18:04:44,549 [16] INFO FlightDBRepository - All flights have been retrieved
2025-04-25 18:05:21,233 [8] INFO TicketRepository - Saving ticket Ticket number: 1, buyer: aaaaa, flight: 55
2025-04-25 18:05:21,235 [8] INFO TicketRepository - Ticket saved!
2025-04-25 18:05:21,235 [8] INFO FlightDBRepository - Updating flight with Flight:55 Costa Rica suceava 111 SCV 26/03/2025 8:44:11 pm
2025-04-25 18:05:21,236 [8] INFO FlightDBRepository - Flight Flight:55 Costa Rica suceava 111 SCV 26/03/2025 8:44:11 pm has been saved
2025-04-25 18:05:21,240 [19] INFO FlightDBRepository - Getting all flights
2025-04-25 18:05:21,241 [8] INFO FlightDBRepository - Getting all flights
2025-04-25 18:05:21,242 [19] INFO FlightDBRepository - All flights have been retrieved
2025-04-25 18:05:21,247 [8] INFO FlightDBRepository - All flights have been retrieved
2025-04-25 18:05:34,138 [8] INFO TicketRepository - Saving ticket Ticket number: 1, buyer: aaa, flight: 55
2025-04-25 18:05:34,145 [8] INFO TicketRepository - Ticket saved!
2025-04-25 18:05:34,146 [8] INFO FlightDBRepository - Updating flight with Flight:55 Costa Rica suceava 111 SCV 26/03/2025 8:44:11 pm
2025-04-25 18:05:34,147 [8] INFO FlightDBRepository - Flight Flight:55 Costa Rica suceava 111 SCV 26/03/2025 8:44:11 pm has been saved
2025-04-25 18:05:34,152 [20] INFO FlightDBRepository - Getting all flights
2025-04-25 18:05:34,153 [8] INFO FlightDBRepository - Getting all flights
2025-04-25 18:05:34,155 [8] INFO FlightDBRepository - All flights have been retrieved
2025-04-25 18:05:34,155 [20] INFO FlightDBRepository - All flights have been retrieved
2025-04-25 18:06:04,829 [20] INFO FlightDBRepository - Finding all flights with destination, departure, and date
2025-04-25 18:06:04,831 [20] INFO FlightDBRepository - All flights have been retrieved
2025-04-25 18:06:16,159 [21] INFO TicketRepository - Saving ticket Ticket number: 7, buyer: zzzzzzzz, flight: 7
2025-04-25 18:06:16,164 [21] INFO TicketRepository - Ticket saved!
2025-04-25 18:06:16,164 [21] INFO FlightDBRepository - Updating flight with Flight:7 Bucuresti Cluj-Napoca 12 Otopeni 26/03/2025 8:44:51 pm
2025-04-25 18:06:16,167 [21] INFO FlightDBRepository - Flight Flight:7 Bucuresti Cluj-Napoca 12 Otopeni 26/03/2025 8:44:51 pm has been saved
2025-04-25 18:06:16,172 [20] INFO FlightDBRepository - Getting all flights
2025-04-25 18:06:16,172 [21] INFO FlightDBRepository - Getting all flights
2025-04-25 18:06:16,174 [21] INFO FlightDBRepository - All flights have been retrieved
2025-04-25 18:06:16,174 [20] INFO FlightDBRepository - All flights have been retrieved
2025-04-25 18:06:39,210 [22] INFO TicketRepository - Saving ticket Ticket number: 7, buyer: AnaMaria, flight: 7
2025-04-25 18:06:39,214 [22] INFO TicketRepository - Ticket saved!
2025-04-25 18:06:39,214 [22] INFO FlightDBRepository - Updating flight with Flight:7 Bucuresti Cluj-Napoca 12 Otopeni 26/03/2025 8:44:51 pm
2025-04-25 18:06:39,216 [22] INFO FlightDBRepository - Flight Flight:7 Bucuresti Cluj-Napoca 12 Otopeni 26/03/2025 8:44:51 pm has been saved
2025-04-25 18:06:39,220 [23] INFO FlightDBRepository - Getting all flights
2025-04-25 18:06:39,221 [22] INFO FlightDBRepository - Getting all flights
2025-04-25 18:06:39,221 [23] INFO FlightDBRepository - All flights have been retrieved
2025-04-25 18:06:39,222 [22] INFO FlightDBRepository - All flights have been retrieved
2025-04-25 19:13:56,403 [1] INFO Server.StartServer - Starting Server
2025-04-25 19:13:56,557 [1] INFO Server.StartServer - Server started,running on localhost:55556
2025-04-25 19:14:04,801 [4] INFO EmployeeDBRepository - Getting Employee with user a and password a
2025-04-25 19:14:05,095 [4] INFO EmployeeDBRepository - Entity was found
2025-04-25 19:14:05,158 [8] INFO FlightDBRepository - Getting all flights
2025-04-25 19:14:05,167 [8] INFO FlightDBRepository - All flights have been retrieved
2025-04-25 19:14:05,229 [8] INFO FlightDBRepository - Getting all origins
2025-04-25 19:14:05,243 [16] INFO FlightDBRepository - Getting all departure
2025-04-25 19:14:10,527 [16] INFO FlightDBRepository - Finding all flights with destination, departure, and date
2025-04-25 19:14:10,533 [16] INFO FlightDBRepository - All flights have been retrieved
2025-04-25 19:14:12,747 [16] INFO TicketRepository - Saving ticket Ticket number: 1, buyer: aaa, flight: 7
2025-04-25 19:14:12,754 [16] INFO TicketRepository - Ticket saved!
2025-04-25 19:14:12,756 [16] INFO FlightDBRepository - Updating flight with Flight:7 Bucuresti Cluj-Napoca 11 Otopeni 26/03/2025 8:44:51 pm
2025-04-25 19:14:12,759 [16] INFO FlightDBRepository - Flight Flight:7 Bucuresti Cluj-Napoca 11 Otopeni 26/03/2025 8:44:51 pm has been saved
2025-04-25 19:14:12,775 [8] INFO FlightDBRepository - Getting all flights
2025-04-25 19:14:12,778 [8] INFO FlightDBRepository - All flights have been retrieved
2025-04-25 19:14:21,315 [8] INFO TicketRepository - Saving ticket Ticket number: 1, buyer: aaaa, flight: 7
2025-04-25 19:14:21,322 [8] INFO TicketRepository - Ticket saved!
2025-04-25 19:14:21,322 [8] INFO FlightDBRepository - Updating flight with Flight:7 Bucuresti Cluj-Napoca 11 Otopeni 26/03/2025 8:44:51 pm
2025-04-25 19:14:21,324 [8] INFO FlightDBRepository - Flight Flight:7 Bucuresti Cluj-Napoca 11 Otopeni 26/03/2025 8:44:51 pm has been saved
2025-04-25 19:14:21,330 [16] INFO FlightDBRepository - Getting all flights
2025-04-25 19:14:21,332 [16] INFO FlightDBRepository - All flights have been retrieved
2025-04-25 19:15:46,768 [1] INFO Server.StartServer - Starting Server
2025-04-25 19:15:46,916 [1] INFO Server.StartServer - Server started,running on localhost:55556
2025-04-25 19:15:56,761 [4] INFO EmployeeDBRepository - Getting Employee with user a and password a
2025-04-25 19:15:57,008 [4] INFO EmployeeDBRepository - Entity was found
2025-04-25 19:15:57,079 [8] INFO FlightDBRepository - Getting all flights
2025-04-25 19:15:57,089 [8] INFO FlightDBRepository - All flights have been retrieved
2025-04-25 19:15:57,149 [8] INFO FlightDBRepository - Getting all origins
2025-04-25 19:15:57,164 [8] INFO FlightDBRepository - Getting all departure
2025-04-25 19:16:02,707 [8] INFO FlightDBRepository - Finding all flights with destination, departure, and date
2025-04-25 19:16:02,711 [8] INFO FlightDBRepository - All flights have been retrieved
2025-04-25 19:16:06,423 [8] INFO TicketRepository - Saving ticket Ticket number: 1, buyer: aaa, flight: 7
2025-04-25 19:16:06,431 [8] INFO TicketRepository - Ticket saved!
2025-04-25 19:16:06,433 [8] INFO FlightDBRepository - Updating flight with Flight:7 Bucuresti Cluj-Napoca 10 Otopeni 26/03/2025 8:44:51 pm
2025-04-25 19:16:06,436 [8] INFO FlightDBRepository - Flight Flight:7 Bucuresti Cluj-Napoca 10 Otopeni 26/03/2025 8:44:51 pm has been saved
2025-04-25 19:16:06,450 [4] INFO FlightDBRepository - Getting all flights
2025-04-25 19:16:06,451 [4] INFO FlightDBRepository - All flights have been retrieved
2025-04-25 19:16:18,048 [8] INFO TicketRepository - Saving ticket Ticket number: 1, buyer: aaaa, flight: 7
2025-04-25 19:16:18,050 [8] INFO TicketRepository - Ticket saved!
2025-04-25 19:16:18,051 [8] INFO FlightDBRepository - Updating flight with Flight:7 Bucuresti Cluj-Napoca 10 Otopeni 26/03/2025 8:44:51 pm
2025-04-25 19:16:18,052 [8] INFO FlightDBRepository - Flight Flight:7 Bucuresti Cluj-Napoca 10 Otopeni 26/03/2025 8:44:51 pm has been saved
2025-04-25 19:16:18,056 [8] INFO FlightDBRepository - Getting all flights
2025-04-25 19:16:18,057 [8] INFO FlightDBRepository - All flights have been retrieved
2025-04-25 19:18:23,919 [16] INFO FlightDBRepository - Finding all flights with destination, departure, and date
2025-04-25 19:18:23,921 [16] INFO FlightDBRepository - All flights have been retrieved
2025-04-25 19:18:26,500 [16] INFO TicketRepository - Saving ticket Ticket number: 1, buyer: ssss, flight: 7
2025-04-25 19:18:26,506 [16] INFO TicketRepository - Ticket saved!
2025-04-25 19:18:26,507 [16] INFO FlightDBRepository - Updating flight with Flight:7 Bucuresti Cluj-Napoca 9 Otopeni 26/03/2025 8:44:51 pm
2025-04-25 19:18:26,509 [16] INFO FlightDBRepository - Flight Flight:7 Bucuresti Cluj-Napoca 9 Otopeni 26/03/2025 8:44:51 pm has been saved
2025-04-25 19:18:26,515 [16] INFO FlightDBRepository - Getting all flights
2025-04-25 19:18:26,517 [16] INFO FlightDBRepository - All flights have been retrieved
2025-04-25 19:23:29,678 [1] INFO Server.StartServer - Starting Server
2025-04-25 19:23:29,794 [1] INFO Server.StartServer - Server started,running on localhost:55556
2025-04-25 19:23:39,869 [4] INFO EmployeeDBRepository - Getting Employee with user a and password a
2025-04-25 19:23:40,127 [4] INFO EmployeeDBRepository - Entity was found
2025-04-25 19:23:40,173 [8] INFO FlightDBRepository - Getting all flights
2025-04-25 19:23:40,182 [8] INFO FlightDBRepository - All flights have been retrieved
2025-04-25 19:23:40,234 [8] INFO FlightDBRepository - Getting all origins
2025-04-25 19:23:40,248 [8] INFO FlightDBRepository - Getting all departure
2025-04-25 19:23:46,630 [8] INFO FlightDBRepository - Finding all flights with destination, departure, and date
2025-04-25 19:23:46,636 [8] INFO FlightDBRepository - All flights have been retrieved
2025-04-25 19:23:56,226 [4] INFO TicketRepository - Saving ticket Ticket number: 1, buyer: aaaaa, flight: 55
2025-04-25 19:23:56,233 [4] INFO TicketRepository - Ticket saved!
2025-04-25 19:23:56,235 [4] INFO FlightDBRepository - Updating flight with Flight:55 Costa Rica suceava 110 SCV 26/03/2025 8:44:11 pm
2025-04-25 19:23:56,238 [4] INFO FlightDBRepository - Flight Flight:55 Costa Rica suceava 110 SCV 26/03/2025 8:44:11 pm has been saved
2025-04-25 19:23:56,255 [4] INFO FlightDBRepository - Finding all flights with destination, departure, and date
2025-04-25 19:23:56,257 [4] INFO FlightDBRepository - All flights have been retrieved
2025-04-25 19:23:56,262 [8] INFO FlightDBRepository - Getting all flights
2025-04-25 19:23:56,265 [8] INFO FlightDBRepository - All flights have been retrieved
2025-04-25 19:30:06,960 [1] INFO Server.StartServer - Starting Server
2025-04-25 19:30:07,067 [1] INFO Server.StartServer - Server started,running on localhost:55556
2025-04-25 19:30:14,043 [4] INFO EmployeeDBRepository - Getting Employee with user a and password a
2025-04-25 19:30:14,327 [4] INFO EmployeeDBRepository - Entity was found
2025-04-25 19:30:14,382 [8] INFO FlightDBRepository - Getting all flights
2025-04-25 19:30:14,389 [8] INFO FlightDBRepository - All flights have been retrieved
2025-04-25 19:30:14,443 [8] INFO FlightDBRepository - Getting all origins
2025-04-25 19:30:14,459 [16] INFO FlightDBRepository - Getting all departure
2025-04-25 19:30:21,100 [8] INFO FlightDBRepository - Finding all flights with destination, departure, and date
2025-04-25 19:30:21,105 [8] INFO FlightDBRepository - All flights have been retrieved
2025-04-25 19:30:23,654 [16] INFO TicketRepository - Saving ticket Ticket number: 1, buyer: aaa, flight: 55
2025-04-25 19:30:23,661 [16] INFO TicketRepository - Ticket saved!
2025-04-25 19:30:23,663 [16] INFO FlightDBRepository - Updating flight with Flight:55 Costa Rica suceava 109 SCV 26/03/2025 8:44:11 pm
2025-04-25 19:30:23,666 [16] INFO FlightDBRepository - Flight Flight:55 Costa Rica suceava 109 SCV 26/03/2025 8:44:11 pm has been saved
2025-04-25 19:30:23,678 [8] INFO FlightDBRepository - Finding all flights with destination, departure, and date
2025-04-25 19:30:23,681 [8] INFO FlightDBRepository - All flights have been retrieved
2025-04-25 19:30:23,685 [16] INFO FlightDBRepository - Getting all flights
2025-04-25 19:30:23,687 [16] INFO FlightDBRepository - All flights have been retrieved
2025-04-25 22:20:03,129 [1] INFO Server.StartServer - Starting Server
2025-04-25 22:20:03,265 [1] INFO Server.StartServer - Server started,running on localhost:55556
2025-04-25 22:20:18,916 [8] INFO EmployeeDBRepository - Getting Employee with user  and password 
2025-04-25 22:20:19,527 [8] INFO EmployeeDBRepository - Entity was not found
2025-04-25 22:48:03,158 [25] INFO EmployeeDBRepository - Getting Employee with user a and password a
2025-04-25 22:48:03,302 [25] INFO EmployeeDBRepository - Entity was found
2025-04-25 22:48:03,345 [8] INFO FlightDBRepository - Getting all flights
2025-04-25 22:48:03,359 [8] INFO FlightDBRepository - All flights have been retrieved
2025-04-25 22:48:03,447 [24] INFO FlightDBRepository - Getting all origins
2025-04-25 22:48:03,466 [25] INFO FlightDBRepository - Getting all departure
2025-04-25 22:51:21,065 [27] INFO EmployeeDBRepository - Getting Employee with user a and password a
2025-04-25 22:51:21,078 [27] INFO EmployeeDBRepository - Entity was found
2025-04-25 22:51:21,102 [29] INFO FlightDBRepository - Getting all flights
2025-04-25 22:51:21,105 [29] INFO FlightDBRepository - All flights have been retrieved
2025-04-25 22:51:21,166 [27] INFO FlightDBRepository - Getting all origins
2025-04-25 22:51:21,180 [27] INFO FlightDBRepository - Getting all departure
2025-04-25 22:54:47,103 [4] INFO EmployeeDBRepository - Getting Employee with user a and password a
2025-04-25 22:54:47,106 [4] INFO EmployeeDBRepository - Entity was found
2025-04-25 22:54:47,133 [3] INFO FlightDBRepository - Getting all flights
2025-04-25 22:54:47,135 [3] INFO FlightDBRepository - All flights have been retrieved
2025-04-25 22:54:47,174 [4] INFO FlightDBRepository - Getting all origins
2025-04-25 22:54:47,184 [3] INFO FlightDBRepository - Getting all departure
2025-04-25 23:02:39,644 [8] INFO EmployeeDBRepository - Getting Employee with user a and password a
2025-04-25 23:02:39,658 [8] INFO EmployeeDBRepository - Entity was found
2025-04-25 23:02:39,684 [24] INFO FlightDBRepository - Getting all flights
2025-04-25 23:02:39,685 [24] INFO FlightDBRepository - All flights have been retrieved
2025-04-25 23:02:39,719 [24] INFO FlightDBRepository - Getting all origins
2025-04-25 23:02:39,727 [8] INFO FlightDBRepository - Getting all departure
2025-04-25 23:05:04,521 [16] INFO EmployeeDBRepository - Getting Employee with user a and password a
2025-04-25 23:05:04,523 [16] INFO EmployeeDBRepository - Entity was found
2025-04-25 23:05:04,550 [22] INFO FlightDBRepository - Getting all flights
2025-04-25 23:05:04,552 [22] INFO FlightDBRepository - All flights have been retrieved
2025-04-25 23:05:04,585 [16] INFO FlightDBRepository - Getting all origins
2025-04-25 23:05:04,594 [22] INFO FlightDBRepository - Getting all departure
2025-04-25 23:08:51,065 [20] INFO EmployeeDBRepository - Getting Employee with user a and password a
2025-04-25 23:08:51,077 [20] INFO EmployeeDBRepository - Entity was found
2025-04-25 23:08:51,105 [20] INFO FlightDBRepository - Getting all flights
2025-04-25 23:08:51,106 [20] INFO FlightDBRepository - All flights have been retrieved
2025-04-25 23:08:51,138 [20] INFO FlightDBRepository - Getting all origins
2025-04-25 23:08:51,146 [22] INFO FlightDBRepository - Getting all departure
2025-04-25 23:10:04,363 [8] INFO EmployeeDBRepository - Getting Employee with user a and password a
2025-04-25 23:10:04,365 [8] INFO EmployeeDBRepository - Entity was found
2025-04-25 23:10:04,399 [20] INFO FlightDBRepository - Getting all flights
2025-04-25 23:10:04,400 [20] INFO FlightDBRepository - All flights have been retrieved
2025-04-25 23:10:04,462 [20] INFO FlightDBRepository - Getting all origins
2025-04-25 23:10:04,473 [20] INFO FlightDBRepository - Getting all departure
2025-04-25 23:12:01,592 [16] INFO EmployeeDBRepository - Getting Employee with user a and password a
2025-04-25 23:12:01,594 [16] INFO EmployeeDBRepository - Entity was found
2025-04-25 23:12:01,621 [18] INFO FlightDBRepository - Getting all flights
2025-04-25 23:12:01,624 [18] INFO FlightDBRepository - All flights have been retrieved
2025-04-25 23:12:01,660 [18] INFO FlightDBRepository - Getting all origins
2025-04-25 23:12:01,669 [24] INFO FlightDBRepository - Getting all departure
2025-04-25 23:12:23,720 [18] INFO EmployeeDBRepository - Getting Employee with user a and password a
2025-04-25 23:12:23,723 [18] INFO EmployeeDBRepository - Entity was found
2025-04-25 23:12:23,764 [24] INFO FlightDBRepository - Getting all flights
2025-04-25 23:12:23,766 [24] INFO FlightDBRepository - All flights have been retrieved
2025-04-25 23:12:23,812 [18] INFO FlightDBRepository - Getting all origins
2025-04-25 23:12:23,823 [18] INFO FlightDBRepository - Getting all departure
2025-04-25 23:12:37,849 [24] INFO EmployeeDBRepository - Getting Employee with user a and password a
2025-04-25 23:12:37,851 [24] INFO EmployeeDBRepository - Entity was found
2025-04-25 23:12:37,877 [24] INFO FlightDBRepository - Getting all flights
2025-04-25 23:12:37,878 [24] INFO FlightDBRepository - All flights have been retrieved
2025-04-25 23:12:37,926 [4] INFO FlightDBRepository - Getting all origins
2025-04-25 23:12:37,936 [24] INFO FlightDBRepository - Getting all departure
2025-04-25 23:13:16,176 [17] INFO EmployeeDBRepository - Getting Employee with user a and password a
2025-04-25 23:13:16,179 [17] INFO EmployeeDBRepository - Entity was found
2025-04-25 23:13:16,217 [17] INFO FlightDBRepository - Getting all flights
2025-04-25 23:13:16,221 [17] INFO FlightDBRepository - All flights have been retrieved
2025-04-25 23:13:16,263 [21] INFO FlightDBRepository - Getting all origins
2025-04-25 23:13:16,271 [21] INFO FlightDBRepository - Getting all departure
2025-04-25 23:13:28,986 [21] INFO EmployeeDBRepository - Getting Employee with user a and password a
2025-04-25 23:13:28,988 [21] INFO EmployeeDBRepository - Entity was found
2025-04-25 23:13:29,019 [21] INFO FlightDBRepository - Getting all flights
2025-04-25 23:13:29,020 [21] INFO FlightDBRepository - All flights have been retrieved
2025-04-25 23:13:29,052 [17] INFO FlightDBRepository - Getting all origins
2025-04-25 23:13:29,061 [17] INFO FlightDBRepository - Getting all departure
2025-04-25 23:14:12,823 [3] INFO EmployeeDBRepository - Getting Employee with user a and password a
2025-04-25 23:14:12,824 [3] INFO EmployeeDBRepository - Entity was found
2025-04-25 23:14:12,850 [19] INFO FlightDBRepository - Getting all flights
2025-04-25 23:14:12,853 [19] INFO FlightDBRepository - All flights have been retrieved
2025-04-25 23:14:12,888 [3] INFO FlightDBRepository - Getting all origins
2025-04-25 23:14:12,895 [19] INFO FlightDBRepository - Getting all departure
2025-04-25 23:14:22,472 [25] INFO EmployeeDBRepository - Getting Employee with user a and password a
2025-04-25 23:14:22,474 [25] INFO EmployeeDBRepository - Entity was found
2025-04-25 23:14:22,498 [19] INFO FlightDBRepository - Getting all flights
2025-04-25 23:14:22,499 [19] INFO FlightDBRepository - All flights have been retrieved
2025-04-25 23:14:22,531 [25] INFO FlightDBRepository - Getting all origins
2025-04-25 23:14:22,538 [25] INFO FlightDBRepository - Getting all departure
2025-04-25 23:15:07,227 [23] INFO EmployeeDBRepository - Getting Employee with user a and password a
2025-04-25 23:15:07,229 [23] INFO EmployeeDBRepository - Entity was found
2025-04-25 23:15:07,255 [28] INFO FlightDBRepository - Getting all flights
2025-04-25 23:15:07,257 [28] INFO FlightDBRepository - All flights have been retrieved
2025-04-25 23:15:07,290 [23] INFO FlightDBRepository - Getting all origins
2025-04-25 23:15:07,300 [23] INFO FlightDBRepository - Getting all departure
2025-04-25 23:15:54,395 [28] INFO EmployeeDBRepository - Getting Employee with user a and password a
2025-04-25 23:15:54,400 [28] INFO EmployeeDBRepository - Entity was found
2025-04-25 23:15:54,426 [28] INFO FlightDBRepository - Getting all flights
2025-04-25 23:15:54,427 [28] INFO FlightDBRepository - All flights have been retrieved
2025-04-25 23:15:54,463 [29] INFO FlightDBRepository - Getting all origins
2025-04-25 23:15:54,474 [28] INFO FlightDBRepository - Getting all departure
2025-04-25 23:16:28,314 [28] INFO EmployeeDBRepository - Getting Employee with user a and password a
2025-04-25 23:16:28,316 [28] INFO EmployeeDBRepository - Entity was found
2025-04-25 23:16:28,342 [28] INFO FlightDBRepository - Getting all flights
2025-04-25 23:16:28,344 [28] INFO FlightDBRepository - All flights have been retrieved
2025-04-25 23:16:28,381 [28] INFO FlightDBRepository - Getting all origins
2025-04-25 23:16:28,395 [30] INFO FlightDBRepository - Getting all departure
2025-04-25 23:18:14,355 [31] INFO EmployeeDBRepository - Getting Employee with user a and password a
2025-04-25 23:18:14,357 [31] INFO EmployeeDBRepository - Entity was found
2025-04-25 23:18:14,384 [33] INFO FlightDBRepository - Getting all flights
2025-04-25 23:18:14,385 [33] INFO FlightDBRepository - All flights have been retrieved
2025-04-25 23:18:14,415 [33] INFO FlightDBRepository - Getting all origins
2025-04-25 23:18:14,424 [33] INFO FlightDBRepository - Getting all departure
2025-04-25 23:19:15,193 [32] INFO EmployeeDBRepository - Getting Employee with user a and password a
2025-04-25 23:19:15,195 [32] INFO EmployeeDBRepository - Entity was found
2025-04-25 23:19:15,227 [32] INFO FlightDBRepository - Getting all flights
2025-04-25 23:19:15,229 [32] INFO FlightDBRepository - All flights have been retrieved
2025-04-25 23:19:15,267 [34] INFO FlightDBRepository - Getting all origins
2025-04-25 23:19:15,279 [34] INFO FlightDBRepository - Getting all departure
2025-04-25 23:19:53,397 [34] INFO EmployeeDBRepository - Getting Employee with user a and password a
2025-04-25 23:19:53,399 [34] INFO EmployeeDBRepository - Entity was found
2025-04-25 23:19:53,433 [32] INFO FlightDBRepository - Getting all flights
2025-04-25 23:19:53,434 [32] INFO FlightDBRepository - All flights have been retrieved
2025-04-25 23:19:53,483 [34] INFO FlightDBRepository - Getting all origins
2025-04-25 23:19:53,491 [34] INFO FlightDBRepository - Getting all departure
2025-04-25 23:20:12,632 [32] INFO EmployeeDBRepository - Getting Employee with user a and password a
2025-04-25 23:20:12,633 [32] INFO EmployeeDBRepository - Entity was found
2025-04-25 23:20:12,664 [32] INFO FlightDBRepository - Getting all flights
2025-04-25 23:20:12,665 [32] INFO FlightDBRepository - All flights have been retrieved
2025-04-25 23:20:12,698 [32] INFO FlightDBRepository - Getting all origins
2025-04-25 23:20:12,706 [31] INFO FlightDBRepository - Getting all departure
2025-04-25 23:21:04,486 [33] INFO EmployeeDBRepository - Getting Employee with user a and password a
2025-04-25 23:21:04,487 [33] INFO EmployeeDBRepository - Entity was found
2025-04-25 23:21:04,522 [27] INFO FlightDBRepository - Getting all flights
2025-04-25 23:21:04,524 [27] INFO FlightDBRepository - All flights have been retrieved
2025-04-25 23:21:04,573 [27] INFO FlightDBRepository - Getting all origins
2025-04-25 23:21:04,582 [33] INFO FlightDBRepository - Getting all departure
2025-04-25 23:21:24,842 [27] INFO EmployeeDBRepository - Getting Employee with user a and password a
2025-04-25 23:21:24,843 [27] INFO EmployeeDBRepository - Entity was found
2025-04-25 23:21:24,877 [27] INFO FlightDBRepository - Getting all flights
2025-04-25 23:21:24,880 [27] INFO FlightDBRepository - All flights have been retrieved
2025-04-25 23:21:24,920 [27] INFO FlightDBRepository - Getting all origins
2025-04-25 23:21:24,927 [33] INFO FlightDBRepository - Getting all departure
2025-04-25 23:23:20,101 [26] INFO EmployeeDBRepository - Getting Employee with user a and password a
2025-04-25 23:23:20,104 [26] INFO EmployeeDBRepository - Entity was found
2025-04-25 23:23:20,133 [28] INFO FlightDBRepository - Getting all flights
2025-04-25 23:23:20,138 [28] INFO FlightDBRepository - All flights have been retrieved
2025-04-25 23:23:20,169 [26] INFO FlightDBRepository - Getting all origins
2025-04-25 23:23:20,176 [28] INFO FlightDBRepository - Getting all departure
2025-04-25 23:23:31,952 [26] INFO EmployeeDBRepository - Getting Employee with user a and password a
2025-04-25 23:23:31,954 [26] INFO EmployeeDBRepository - Entity was found
2025-04-25 23:23:31,982 [26] INFO FlightDBRepository - Getting all flights
2025-04-25 23:23:31,983 [26] INFO FlightDBRepository - All flights have been retrieved
2025-04-25 23:23:32,017 [28] INFO FlightDBRepository - Getting all origins
2025-04-25 23:23:32,026 [26] INFO FlightDBRepository - Getting all departure
2025-04-25 23:24:06,483 [28] INFO EmployeeDBRepository - Getting Employee with user a and password a
2025-04-25 23:24:06,485 [28] INFO EmployeeDBRepository - Entity was found
2025-04-25 23:24:06,541 [28] INFO FlightDBRepository - Getting all flights
2025-04-25 23:24:06,542 [28] INFO FlightDBRepository - All flights have been retrieved
2025-04-25 23:24:06,567 [28] INFO FlightDBRepository - Getting all origins
2025-04-25 23:24:06,575 [28] INFO FlightDBRepository - Getting all departure
2025-04-25 23:24:29,204 [28] INFO EmployeeDBRepository - Getting Employee with user a and password a
2025-04-25 23:24:29,206 [28] INFO EmployeeDBRepository - Entity was found
2025-04-25 23:24:29,255 [28] INFO FlightDBRepository - Getting all flights
2025-04-25 23:24:29,256 [28] INFO FlightDBRepository - All flights have been retrieved
2025-04-25 23:24:29,281 [26] INFO FlightDBRepository - Getting all origins
2025-04-25 23:24:29,290 [28] INFO FlightDBRepository - Getting all departure
2025-04-25 23:24:48,591 [28] INFO EmployeeDBRepository - Getting Employee with user a and password a
2025-04-25 23:24:48,592 [28] INFO EmployeeDBRepository - Entity was found
2025-04-25 23:24:48,623 [26] INFO FlightDBRepository - Getting all flights
2025-04-25 23:24:48,624 [26] INFO FlightDBRepository - All flights have been retrieved
2025-04-25 23:24:48,654 [26] INFO FlightDBRepository - Getting all origins
2025-04-25 23:24:48,661 [28] INFO FlightDBRepository - Getting all departure
2025-04-25 23:29:45,130 [19] INFO EmployeeDBRepository - Getting Employee with user a and password a
2025-04-25 23:29:45,191 [19] INFO EmployeeDBRepository - Entity was found
2025-04-25 23:29:45,231 [19] INFO FlightDBRepository - Getting all flights
2025-04-25 23:29:45,232 [19] INFO FlightDBRepository - All flights have been retrieved
2025-04-25 23:29:45,268 [19] INFO FlightDBRepository - Getting all origins
2025-04-25 23:29:45,276 [21] INFO FlightDBRepository - Getting all departure
2025-04-25 23:30:28,719 [19] INFO EmployeeDBRepository - Getting Employee with user a and password a
2025-04-25 23:30:28,721 [19] INFO EmployeeDBRepository - Entity was found
2025-04-25 23:30:28,747 [23] INFO FlightDBRepository - Getting all flights
2025-04-25 23:30:28,748 [23] INFO FlightDBRepository - All flights have been retrieved
2025-04-25 23:30:28,776 [19] INFO FlightDBRepository - Getting all origins
2025-04-25 23:30:28,787 [23] INFO FlightDBRepository - Getting all departure
2025-04-25 23:31:23,055 [25] INFO EmployeeDBRepository - Getting Employee with user a and password a
2025-04-25 23:31:23,057 [25] INFO EmployeeDBRepository - Entity was found
2025-04-25 23:31:23,088 [26] INFO FlightDBRepository - Getting all flights
2025-04-25 23:31:23,089 [26] INFO FlightDBRepository - All flights have been retrieved
2025-04-25 23:31:23,120 [26] INFO FlightDBRepository - Getting all origins
2025-04-25 23:31:23,129 [25] INFO FlightDBRepository - Getting all departure
2025-04-25 23:31:46,832 [26] INFO EmployeeDBRepository - Getting Employee with user a and password a
2025-04-25 23:31:46,834 [26] INFO EmployeeDBRepository - Entity was found
2025-04-25 23:31:46,863 [26] INFO FlightDBRepository - Getting all flights
2025-04-25 23:31:46,867 [26] INFO FlightDBRepository - All flights have been retrieved
2025-04-25 23:31:46,904 [26] INFO FlightDBRepository - Getting all origins
2025-04-25 23:31:46,912 [26] INFO FlightDBRepository - Getting all departure
2025-04-25 23:32:19,000 [26] INFO EmployeeDBRepository - Getting Employee with user a and password a
2025-04-25 23:32:19,001 [26] INFO EmployeeDBRepository - Entity was found
2025-04-25 23:32:19,026 [28] INFO FlightDBRepository - Getting all flights
2025-04-25 23:32:19,027 [28] INFO FlightDBRepository - All flights have been retrieved
2025-04-25 23:32:19,058 [28] INFO FlightDBRepository - Getting all origins
2025-04-25 23:32:19,066 [26] INFO FlightDBRepository - Getting all departure
2025-04-25 23:32:51,994 [29] INFO EmployeeDBRepository - Getting Employee with user a and password a
2025-04-25 23:32:51,996 [29] INFO EmployeeDBRepository - Entity was found
2025-04-25 23:32:52,027 [29] INFO FlightDBRepository - Getting all flights
2025-04-25 23:32:52,029 [29] INFO FlightDBRepository - All flights have been retrieved
2025-04-25 23:32:52,067 [28] INFO FlightDBRepository - Getting all origins
2025-04-25 23:32:52,076 [29] INFO FlightDBRepository - Getting all departure
2025-04-25 23:39:11,097 [3] INFO EmployeeDBRepository - Getting Employee with user a and password a
2025-04-25 23:39:11,208 [3] INFO EmployeeDBRepository - Entity was found
2025-04-25 23:39:11,252 [30] INFO FlightDBRepository - Getting all flights
2025-04-25 23:39:11,256 [30] INFO FlightDBRepository - All flights have been retrieved
2025-04-25 23:39:11,309 [3] INFO FlightDBRepository - Getting all origins
2025-04-25 23:39:11,327 [30] INFO FlightDBRepository - Getting all departure
2025-04-26 00:05:34,647 [37] INFO EmployeeDBRepository - Getting Employee with user a and password a
2025-04-26 00:05:34,746 [37] INFO EmployeeDBRepository - Entity was found
2025-04-26 00:05:34,812 [37] INFO FlightDBRepository - Getting all flights
2025-04-26 00:05:34,817 [37] INFO FlightDBRepository - All flights have been retrieved
2025-04-26 00:05:34,863 [37] INFO FlightDBRepository - Getting all origins
2025-04-26 00:05:34,876 [34] INFO FlightDBRepository - Getting all departure
2025-04-26 00:06:20,203 [35] INFO EmployeeDBRepository - Getting Employee with user a and password a
2025-04-26 00:06:20,206 [35] INFO EmployeeDBRepository - Entity was found
2025-04-26 00:06:20,241 [35] INFO FlightDBRepository - Getting all flights
2025-04-26 00:06:20,243 [35] INFO FlightDBRepository - All flights have been retrieved
2025-04-26 00:06:20,278 [37] INFO FlightDBRepository - Getting all origins
2025-04-26 00:06:20,287 [37] INFO FlightDBRepository - Getting all departure
2025-04-26 00:07:04,810 [37] INFO EmployeeDBRepository - Getting Employee with user a and password a
2025-04-26 00:07:04,812 [37] INFO EmployeeDBRepository - Entity was found
2025-04-26 00:07:04,848 [37] INFO FlightDBRepository - Getting all flights
2025-04-26 00:07:04,849 [37] INFO FlightDBRepository - All flights have been retrieved
2025-04-26 00:07:04,894 [33] INFO FlightDBRepository - Getting all origins
2025-04-26 00:07:04,905 [37] INFO FlightDBRepository - Getting all departure
2025-04-26 00:07:35,613 [37] INFO EmployeeDBRepository - Getting Employee with user a and password a
2025-04-26 00:07:35,615 [37] INFO EmployeeDBRepository - Entity was found
2025-04-26 00:07:35,645 [33] INFO FlightDBRepository - Getting all flights
2025-04-26 00:07:35,646 [33] INFO FlightDBRepository - All flights have been retrieved
2025-04-26 00:07:35,683 [37] INFO FlightDBRepository - Getting all origins
2025-04-26 00:07:35,691 [37] INFO FlightDBRepository - Getting all departure
2025-04-26 00:10:19,264 [36] INFO EmployeeDBRepository - Getting Employee with user a and password a
2025-04-26 00:10:19,266 [36] INFO EmployeeDBRepository - Entity was found
2025-04-26 00:10:19,295 [36] INFO FlightDBRepository - Getting all flights
2025-04-26 00:10:19,297 [36] INFO FlightDBRepository - All flights have been retrieved
2025-04-26 00:10:19,336 [32] INFO FlightDBRepository - Getting all origins
2025-04-26 00:10:19,346 [36] INFO FlightDBRepository - Getting all departure
2025-04-26 00:13:43,820 [18] INFO EmployeeDBRepository - Getting Employee with user a and password a
2025-04-26 00:13:43,822 [18] INFO EmployeeDBRepository - Entity was found
2025-04-26 00:13:43,857 [24] INFO FlightDBRepository - Getting all flights
2025-04-26 00:13:43,858 [24] INFO FlightDBRepository - All flights have been retrieved
2025-04-26 00:13:43,902 [18] INFO FlightDBRepository - Getting all origins
2025-04-26 00:13:43,912 [24] INFO FlightDBRepository - Getting all departure
2025-04-26 00:14:25,498 [18] INFO EmployeeDBRepository - Getting Employee with user a and password a
2025-04-26 00:14:25,501 [18] INFO EmployeeDBRepository - Entity was found
2025-04-26 00:14:25,537 [17] INFO FlightDBRepository - Getting all flights
2025-04-26 00:14:25,539 [17] INFO FlightDBRepository - All flights have been retrieved
2025-04-26 00:14:25,582 [17] INFO FlightDBRepository - Getting all origins
2025-04-26 00:14:25,595 [18] INFO FlightDBRepository - Getting all departure
2025-04-26 00:15:45,281 [30] INFO EmployeeDBRepository - Getting Employee with user a and password a
2025-04-26 00:15:45,286 [30] INFO EmployeeDBRepository - Entity was found
2025-04-26 00:15:45,320 [19] INFO FlightDBRepository - Getting all flights
2025-04-26 00:15:45,322 [19] INFO FlightDBRepository - All flights have been retrieved
2025-04-26 00:15:45,358 [30] INFO FlightDBRepository - Getting all origins
2025-04-26 00:15:45,368 [21] INFO FlightDBRepository - Getting all departure
2025-04-26 00:18:07,842 [19] INFO EmployeeDBRepository - Getting Employee with user a and password a
2025-04-26 00:18:07,845 [19] INFO EmployeeDBRepository - Entity was found
2025-04-26 00:18:07,886 [30] INFO FlightDBRepository - Getting all flights
2025-04-26 00:18:07,887 [30] INFO FlightDBRepository - All flights have been retrieved
2025-04-26 00:18:07,922 [30] INFO FlightDBRepository - Getting all origins
2025-04-26 00:18:07,932 [30] INFO FlightDBRepository - Getting all departure
2025-04-26 15:09:38,628 [1] INFO Server.StartServer - Starting Server
2025-04-26 15:09:38,860 [1] INFO Server.StartServer - Server started,running on localhost:55556
2025-04-26 15:09:49,091 [4] INFO EmployeeDBRepository - Getting Employee with user a and password a
2025-04-26 15:09:49,379 [4] INFO EmployeeDBRepository - Entity was found
2025-04-26 15:09:49,433 [8] INFO FlightDBRepository - Getting all flights
2025-04-26 15:09:49,441 [8] INFO FlightDBRepository - All flights have been retrieved
2025-04-26 15:09:49,505 [8] INFO FlightDBRepository - Getting all origins
2025-04-26 15:09:49,520 [4] INFO FlightDBRepository - Getting all departure
2025-04-26 15:10:08,748 [8] INFO FlightDBRepository - Finding all flights with destination, departure, and date
2025-04-26 15:10:08,769 [8] INFO FlightDBRepository - All flights have been retrieved
2025-04-26 15:15:12,438 [17] INFO EmployeeDBRepository - Getting Employee with user a and password a
2025-04-26 15:15:12,452 [17] INFO EmployeeDBRepository - Entity was found
2025-04-26 15:15:12,511 [16] INFO FlightDBRepository - Getting all flights
2025-04-26 15:15:12,513 [16] INFO FlightDBRepository - All flights have been retrieved
2025-04-26 15:15:12,675 [16] INFO FlightDBRepository - Getting all origins
2025-04-26 15:15:12,741 [17] INFO FlightDBRepository - Getting all departure
2025-04-26 15:15:20,036 [17] INFO FlightDBRepository - Finding all flights with destination, departure, and date
2025-04-26 15:15:20,038 [17] INFO FlightDBRepository - All flights have been retrieved
2025-04-26 15:17:51,322 [3] INFO EmployeeDBRepository - Getting Employee with user a and password a
2025-04-26 15:17:51,325 [3] INFO EmployeeDBRepository - Entity was found
2025-04-26 15:17:51,402 [3] INFO FlightDBRepository - Getting all flights
2025-04-26 15:17:51,404 [3] INFO FlightDBRepository - All flights have been retrieved
2025-04-26 15:17:51,580 [3] INFO FlightDBRepository - Getting all origins
2025-04-26 15:17:51,660 [4] INFO FlightDBRepository - Getting all departure
2025-04-26 15:17:58,422 [4] INFO FlightDBRepository - Finding all flights with destination, departure, and date
2025-04-26 15:17:58,424 [4] INFO FlightDBRepository - All flights have been retrieved
2025-05-05 22:31:21,778 [1] INFO Server.StartServer - Starting Server
2025-05-05 22:31:22,067 [1] INFO Server.StartServer - Server started,running on localhost:55556
2025-05-05 22:31:51,440 [16] INFO EmployeeDBRepository - Getting Employee with user a and password a
2025-05-05 22:31:52,089 [16] INFO EmployeeDBRepository - Entity was found
2025-05-05 22:31:52,235 [17] INFO FlightDBRepository - Getting all flights
2025-05-05 22:31:52,254 [17] INFO FlightDBRepository - All flights have been retrieved
2025-05-05 22:31:52,488 [17] INFO FlightDBRepository - Getting all origins
2025-05-05 22:31:52,564 [17] INFO FlightDBRepository - Getting all departure
2025-05-05 22:32:19,523 [17] INFO EmployeeDBRepository - Getting Employee with user antonia8 and password parola
2025-05-05 22:32:19,525 [17] INFO EmployeeDBRepository - Entity was found
2025-05-05 22:32:19,561 [17] INFO FlightDBRepository - Getting all flights
2025-05-05 22:32:19,563 [17] INFO FlightDBRepository - All flights have been retrieved
2025-05-05 22:32:19,595 [17] INFO FlightDBRepository - Getting all origins
2025-05-05 22:32:19,605 [17] INFO FlightDBRepository - Getting all departure
2025-05-05 22:32:37,428 [17] INFO FlightDBRepository - Finding all flights with destination, departure, and date
2025-05-05 22:32:37,441 [17] INFO FlightDBRepository - All flights have been retrieved
2025-05-05 22:32:40,744 [16] INFO FlightDBRepository - Finding all flights with destination, departure, and date
2025-05-05 22:32:40,748 [16] INFO FlightDBRepository - All flights have been retrieved
2025-05-05 22:33:04,933 [3] INFO FlightDBRepository - Finding all flights with destination, departure, and date
2025-05-05 22:33:04,936 [3] INFO FlightDBRepository - All flights have been retrieved
2025-05-05 22:33:25,784 [3] INFO TicketRepository - Saving ticket Ticket number: 1, buyer: aaaaa, flight: 55
2025-05-05 22:33:25,805 [3] INFO TicketRepository - Ticket saved!
2025-05-05 22:33:25,807 [3] INFO FlightDBRepository - Updating flight with Flight:55 Costa Rica suceava 108 SCV 26/03/2025 8:44:11 pm
2025-05-05 22:33:25,812 [3] INFO FlightDBRepository - Flight Flight:55 Costa Rica suceava 108 SCV 26/03/2025 8:44:11 pm has been saved
2025-05-05 22:33:25,841 [22] INFO FlightDBRepository - Getting all flights
2025-05-05 22:33:25,843 [23] INFO FlightDBRepository - Getting all flights
2025-05-05 22:33:25,844 [22] INFO FlightDBRepository - All flights have been retrieved
2025-05-05 22:33:25,858 [3] INFO FlightDBRepository - Finding all flights with destination, departure, and date
2025-05-05 22:33:25,861 [3] INFO FlightDBRepository - All flights have been retrieved
2025-05-05 22:33:25,869 [22] INFO FlightDBRepository - Finding all flights with destination, departure, and date
2025-05-05 22:33:25,871 [23] INFO FlightDBRepository - All flights have been retrieved
2025-05-05 22:33:25,871 [22] INFO FlightDBRepository - All flights have been retrieved
2025-05-05 22:33:25,877 [23] INFO FlightDBRepository - Finding all flights with destination, departure, and date
2025-05-05 22:33:25,880 [23] INFO FlightDBRepository - All flights have been retrieved
2025-05-05 22:33:50,008 [3] INFO EmployeeDBRepository - Getting Employee with user a and password a
2025-05-05 22:33:50,010 [3] INFO EmployeeDBRepository - Entity was found
2025-05-05 22:33:50,040 [24] INFO FlightDBRepository - Getting all flights
2025-05-05 22:33:50,042 [24] INFO FlightDBRepository - All flights have been retrieved
2025-05-05 22:33:50,081 [24] INFO FlightDBRepository - Getting all origins
2025-05-05 22:33:50,090 [24] INFO FlightDBRepository - Getting all departure
2025-05-05 22:34:02,021 [3] INFO EmployeeDBRepository - Getting Employee with user antonia8 and password parola
2025-05-05 22:34:02,024 [3] INFO EmployeeDBRepository - Entity was found
2025-05-05 22:34:02,052 [3] INFO FlightDBRepository - Getting all flights
2025-05-05 22:34:02,054 [3] INFO FlightDBRepository - All flights have been retrieved
2025-05-05 22:34:02,097 [3] INFO FlightDBRepository - Getting all origins
2025-05-05 22:34:02,110 [3] INFO FlightDBRepository - Getting all departure
2025-05-05 22:34:13,755 [3] INFO FlightDBRepository - Finding all flights with destination, departure, and date
2025-05-05 22:34:13,757 [3] INFO FlightDBRepository - All flights have been retrieved
2025-05-05 22:34:17,201 [22] INFO TicketRepository - Saving ticket Ticket number: 1, buyer: aaaa, flight: 55
2025-05-05 22:34:17,207 [22] INFO TicketRepository - Ticket saved!
2025-05-05 22:34:17,208 [22] INFO FlightDBRepository - Updating flight with Flight:55 Costa Rica suceava 107 SCV 26/03/2025 8:44:11 pm
2025-05-05 22:34:17,210 [22] INFO FlightDBRepository - Flight Flight:55 Costa Rica suceava 107 SCV 26/03/2025 8:44:11 pm has been saved
2025-05-05 22:34:17,219 [3] INFO FlightDBRepository - Getting all flights
2025-05-05 22:34:17,223 [3] INFO FlightDBRepository - All flights have been retrieved
2025-05-05 22:34:17,223 [22] INFO FlightDBRepository - Finding all flights with destination, departure, and date
2025-05-05 22:34:17,226 [22] INFO FlightDBRepository - All flights have been retrieved
2025-05-05 22:34:17,231 [22] INFO FlightDBRepository - Getting all flights
2025-05-05 22:34:17,233 [22] INFO FlightDBRepository - All flights have been retrieved
2025-05-05 22:34:40,569 [22] INFO EmployeeDBRepository - Getting Employee with user a and password a
2025-05-05 22:34:40,572 [22] INFO EmployeeDBRepository - Entity was found
2025-05-05 22:34:40,602 [24] INFO FlightDBRepository - Getting all flights
2025-05-05 22:34:40,603 [24] INFO FlightDBRepository - All flights have been retrieved
2025-05-05 22:34:40,646 [24] INFO FlightDBRepository - Getting all origins
2025-05-05 22:34:40,654 [22] INFO FlightDBRepository - Getting all departure
2025-05-05 22:34:45,908 [22] INFO EmployeeDBRepository - Getting Employee with user antonia8 and password parola
2025-05-05 22:34:45,910 [22] INFO EmployeeDBRepository - Entity was found
2025-05-05 22:34:45,936 [22] INFO FlightDBRepository - Getting all flights
2025-05-05 22:34:45,937 [22] INFO FlightDBRepository - All flights have been retrieved
2025-05-05 22:34:45,972 [22] INFO FlightDBRepository - Getting all origins
2025-05-05 22:34:45,985 [22] INFO FlightDBRepository - Getting all departure
2025-05-05 22:34:54,201 [22] INFO FlightDBRepository - Finding all flights with destination, departure, and date
2025-05-05 22:34:54,203 [22] INFO FlightDBRepository - All flights have been retrieved
2025-05-05 22:34:57,569 [22] INFO TicketRepository - Saving ticket Ticket number: 1, buyer: aaa, flight: 55
2025-05-05 22:34:57,588 [22] INFO TicketRepository - Ticket saved!
2025-05-05 22:34:57,588 [22] INFO FlightDBRepository - Updating flight with Flight:55 Costa Rica suceava 106 SCV 26/03/2025 8:44:11 pm
2025-05-05 22:34:57,591 [22] INFO FlightDBRepository - Flight Flight:55 Costa Rica suceava 106 SCV 26/03/2025 8:44:11 pm has been saved
2025-05-05 22:34:57,599 [22] INFO FlightDBRepository - Getting all flights
2025-05-05 22:34:57,602 [22] INFO FlightDBRepository - All flights have been retrieved
2025-05-05 22:34:57,604 [22] INFO FlightDBRepository - Finding all flights with destination, departure, and date
2025-05-05 22:34:57,607 [22] INFO FlightDBRepository - All flights have been retrieved
2025-05-05 22:34:57,616 [24] INFO FlightDBRepository - Getting all flights
2025-05-05 22:34:57,618 [24] INFO FlightDBRepository - All flights have been retrieved
2025-05-05 22:35:10,102 [24] INFO FlightDBRepository - Finding all flights with destination, departure, and date
2025-05-05 22:35:10,105 [24] INFO FlightDBRepository - All flights have been retrieved
2025-05-05 22:35:12,703 [22] INFO TicketRepository - Saving ticket Ticket number: 1, buyer: aaaa, flight: 55
2025-05-05 22:35:12,706 [22] INFO TicketRepository - Ticket saved!
2025-05-05 22:35:12,706 [22] INFO FlightDBRepository - Updating flight with Flight:55 Costa Rica suceava 105 SCV 26/03/2025 8:44:11 pm
2025-05-05 22:35:12,708 [22] INFO FlightDBRepository - Flight Flight:55 Costa Rica suceava 105 SCV 26/03/2025 8:44:11 pm has been saved
2025-05-05 22:35:12,713 [24] INFO FlightDBRepository - Finding all flights with destination, departure, and date
2025-05-05 22:35:12,715 [24] INFO FlightDBRepository - All flights have been retrieved
2025-05-05 22:35:12,718 [24] INFO FlightDBRepository - Finding all flights with destination, departure, and date
2025-05-05 22:35:12,719 [22] INFO FlightDBRepository - Getting all flights
2025-05-05 22:35:12,720 [24] INFO FlightDBRepository - All flights have been retrieved
2025-05-05 22:35:12,723 [22] INFO FlightDBRepository - All flights have been retrieved
2025-05-05 22:35:12,726 [20] INFO FlightDBRepository - Getting all flights
2025-05-05 22:35:12,728 [20] INFO FlightDBRepository - All flights have been retrieved
2025-05-06 09:48:57,783 [1] INFO Server.StartServer - Starting Server
2025-05-06 09:48:57,939 [1] INFO Server.StartServer - Server started,running on localhost:55556
2025-05-06 09:49:39,023 [16] INFO EmployeeDBRepository - Getting Employee with user a and password a
2025-05-06 09:49:39,834 [16] INFO EmployeeDBRepository - Entity was found
2025-05-06 09:49:40,040 [16] INFO FlightDBRepository - Getting all flights
2025-05-06 09:49:40,076 [16] INFO FlightDBRepository - All flights have been retrieved
2025-05-06 09:49:40,407 [16] INFO FlightDBRepository - Getting all origins
2025-05-06 09:49:40,479 [3] INFO FlightDBRepository - Getting all departure
2025-05-06 10:02:28,236 [1] INFO Server.StartServer - Starting Server
2025-05-06 10:02:28,365 [1] INFO Server.StartServer - Server started,running on localhost:55556
2025-05-06 10:02:46,936 [8] INFO EmployeeDBRepository - Getting Employee with user a and password a
2025-05-06 10:02:47,194 [8] INFO EmployeeDBRepository - Entity was found
2025-05-06 10:02:47,243 [4] INFO FlightDBRepository - Getting all flights
2025-05-06 10:02:47,251 [4] INFO FlightDBRepository - All flights have been retrieved
2025-05-06 10:02:47,302 [8] INFO FlightDBRepository - Getting all origins
2025-05-06 10:02:47,313 [4] INFO FlightDBRepository - Getting all departure
2025-05-06 10:02:55,818 [8] INFO FlightDBRepository - Finding all flights with destination, departure, and date
2025-05-06 10:02:55,833 [8] INFO FlightDBRepository - All flights have been retrieved
2025-05-06 10:03:01,406 [8] INFO TicketRepository - Saving ticket Ticket number: 1, buyer: aaa, flight: 55
2025-05-06 10:03:01,420 [8] INFO TicketRepository - Ticket saved!
2025-05-06 10:03:01,422 [8] INFO FlightDBRepository - Updating flight with Flight:55 Costa Rica suceava 104 SCV 26/03/2025 8:44:11 pm
2025-05-06 10:03:01,430 [8] INFO FlightDBRepository - Flight Flight:55 Costa Rica suceava 104 SCV 26/03/2025 8:44:11 pm has been saved
2025-05-06 10:03:01,458 [4] INFO FlightDBRepository - Finding all flights with destination, departure, and date
2025-05-06 10:03:01,460 [4] INFO FlightDBRepository - All flights have been retrieved
2025-05-06 10:03:01,465 [8] INFO FlightDBRepository - Getting all flights
2025-05-06 10:03:01,468 [8] INFO FlightDBRepository - All flights have been retrieved
2025-05-06 10:03:09,905 [4] INFO TicketRepository - Saving ticket Ticket number: 1, buyer: aaa, flight: 55
2025-05-06 10:03:09,907 [4] INFO TicketRepository - Ticket saved!
2025-05-06 10:03:09,908 [4] INFO FlightDBRepository - Updating flight with Flight:55 Costa Rica suceava 103 SCV 26/03/2025 8:44:11 pm
2025-05-06 10:03:09,910 [4] INFO FlightDBRepository - Flight Flight:55 Costa Rica suceava 103 SCV 26/03/2025 8:44:11 pm has been saved
2025-05-06 10:03:09,915 [4] INFO FlightDBRepository - Finding all flights with destination, departure, and date
2025-05-06 10:03:09,916 [4] INFO FlightDBRepository - All flights have been retrieved
2025-05-06 10:03:09,921 [4] INFO FlightDBRepository - Getting all flights
2025-05-06 10:03:09,923 [4] INFO FlightDBRepository - All flights have been retrieved
2025-05-06 10:04:20,108 [19] INFO EmployeeDBRepository - Getting Employee with user a and password a
2025-05-06 10:04:20,110 [19] INFO EmployeeDBRepository - Entity was found
2025-05-06 10:04:20,142 [19] INFO FlightDBRepository - Getting all flights
2025-05-06 10:04:20,144 [19] INFO FlightDBRepository - All flights have been retrieved
2025-05-06 10:04:20,187 [17] INFO FlightDBRepository - Getting all origins
2025-05-06 10:04:20,196 [20] INFO FlightDBRepository - Getting all departure
2025-05-06 10:04:27,941 [20] INFO FlightDBRepository - Finding all flights with destination, departure, and date
2025-05-06 10:04:27,943 [20] INFO FlightDBRepository - All flights have been retrieved
2025-05-06 10:10:39,547 [1] INFO Server.StartServer - Starting Server
2025-05-06 10:10:39,703 [1] INFO Server.StartServer - Server started,running on localhost:55556
2025-05-06 10:10:53,988 [4] INFO EmployeeDBRepository - Getting Employee with user a and password a
2025-05-06 10:10:54,461 [4] INFO EmployeeDBRepository - Entity was found
2025-05-06 10:10:54,556 [8] INFO FlightDBRepository - Getting all flights
2025-05-06 10:10:54,569 [8] INFO FlightDBRepository - All flights have been retrieved
2025-05-06 10:10:54,664 [4] INFO FlightDBRepository - Getting all origins
2025-05-06 10:10:54,689 [8] INFO FlightDBRepository - Getting all departure
2025-05-06 10:11:20,924 [8] INFO EmployeeDBRepository - Getting Employee with user antonia8 and password parola
2025-05-06 10:11:20,926 [8] INFO EmployeeDBRepository - Entity was found
2025-05-06 10:11:20,988 [4] INFO FlightDBRepository - Getting all flights
2025-05-06 10:11:20,991 [4] INFO FlightDBRepository - All flights have been retrieved
2025-05-06 10:11:21,053 [8] INFO FlightDBRepository - Getting all origins
2025-05-06 10:11:21,074 [4] INFO FlightDBRepository - Getting all departure
2025-05-06 10:11:37,357 [8] INFO FlightDBRepository - Finding all flights with destination, departure, and date
2025-05-06 10:11:37,363 [8] INFO FlightDBRepository - All flights have been retrieved
2025-05-06 10:11:51,065 [8] INFO TicketRepository - Saving ticket Ticket number: 1, buyer: aaaaaa, flight: 55
2025-05-06 10:11:51,074 [8] INFO TicketRepository - Ticket saved!
2025-05-06 10:11:51,076 [8] INFO FlightDBRepository - Updating flight with Flight:55 Costa Rica suceava 102 SCV 26/03/2025 8:44:11 pm
2025-05-06 10:11:51,080 [8] INFO FlightDBRepository - Flight Flight:55 Costa Rica suceava 102 SCV 26/03/2025 8:44:11 pm has been saved
2025-05-06 10:11:51,109 [8] INFO FlightDBRepository - Getting all flights
2025-05-06 10:11:51,111 [17] INFO FlightDBRepository - Finding all flights with destination, departure, and date
2025-05-06 10:11:51,112 [8] INFO FlightDBRepository - All flights have been retrieved
2025-05-06 10:11:51,141 [17] INFO FlightDBRepository - All flights have been retrieved
2025-05-06 10:11:51,150 [8] INFO FlightDBRepository - Getting all flights
2025-05-06 10:11:51,153 [8] INFO FlightDBRepository - All flights have been retrieved
2025-05-06 10:12:06,056 [8] INFO FlightDBRepository - Finding all flights with destination, departure, and date
2025-05-06 10:12:06,091 [8] INFO FlightDBRepository - All flights have been retrieved
2025-05-06 10:12:10,218 [17] INFO TicketRepository - Saving ticket Ticket number: 1, buyer: aaaaaa, flight: 55
2025-05-06 10:12:10,254 [17] INFO TicketRepository - Ticket saved!
2025-05-06 10:12:10,256 [17] INFO FlightDBRepository - Updating flight with Flight:55 Costa Rica suceava 101 SCV 26/03/2025 8:44:11 pm
2025-05-06 10:12:10,260 [17] INFO FlightDBRepository - Flight Flight:55 Costa Rica suceava 101 SCV 26/03/2025 8:44:11 pm has been saved
2025-05-06 10:12:10,270 [17] INFO FlightDBRepository - Finding all flights with destination, departure, and date
2025-05-06 10:12:10,275 [8] INFO FlightDBRepository - Finding all flights with destination, departure, and date
2025-05-06 10:12:10,275 [17] INFO FlightDBRepository - All flights have been retrieved
2025-05-06 10:12:10,288 [17] INFO FlightDBRepository - Getting all flights
2025-05-06 10:12:10,291 [17] INFO FlightDBRepository - All flights have been retrieved
2025-05-06 10:12:10,295 [8] INFO FlightDBRepository - Getting all flights
2025-05-06 10:12:10,298 [8] INFO FlightDBRepository - All flights have been retrieved
2025-05-06 10:12:37,913 [17] INFO TicketRepository - Saving ticket Ticket number: 1, buyer: aaaa, flight: 55
2025-05-06 10:12:37,950 [17] INFO TicketRepository - Ticket saved!
2025-05-06 10:12:37,951 [17] INFO FlightDBRepository - Updating flight with Flight:55 Costa Rica suceava 100 SCV 26/03/2025 8:44:11 pm
2025-05-06 10:12:37,954 [17] INFO FlightDBRepository - Flight Flight:55 Costa Rica suceava 100 SCV 26/03/2025 8:44:11 pm has been saved
2025-05-06 10:12:37,962 [17] INFO FlightDBRepository - Finding all flights with destination, departure, and date
2025-05-06 10:12:37,965 [17] INFO FlightDBRepository - All flights have been retrieved
2025-05-06 10:12:37,970 [17] INFO FlightDBRepository - Finding all flights with destination, departure, and date
2025-05-06 10:12:37,973 [17] INFO FlightDBRepository - All flights have been retrieved
2025-05-06 10:12:37,979 [17] INFO FlightDBRepository - Getting all flights
2025-05-06 10:12:37,982 [17] INFO FlightDBRepository - All flights have been retrieved
2025-05-06 10:12:37,982 [18] INFO FlightDBRepository - Getting all flights
2025-05-06 10:12:37,986 [18] INFO FlightDBRepository - All flights have been retrieved
2025-05-08 21:42:32,060 [1] INFO Server.StartServer - Starting Server
2025-05-08 21:42:32,235 [1] INFO Server.StartServer - Server started,running on localhost:55556
